bricks,hinges,modules,size,proportion2d,single_neighbour_brick_ratio,single_neighbour_ratio,double_neighbour_brick_and_active_hinge_ratio,maxrel_llimbs,meanrel_llimbs,stdrel_llimbs,joints,joint_brick_ratio,symmetry,coverage,branching,surface_area,id_string,experiment_id,generation_index,individual_index
0,19,20,1.0,0.9230769230769231,0.0,1.0,0.8333333333333334,0.3684210526315789,0.25,0.17977106606946666,0.0,1.0,0.9333333333333333,0.043478260869565216,1.0,0.7358490566037735,20|1034-C41-1078-A01-1122-A00-1166-A00-1210-A00-1254-A-770-A-814-A00-858-A01-902-A00-946-C41-982-A-983-A00-984-A00-985-A01-986-A01-987-A01-988-A01-989-C41-991-C41-992-A00-993-A00-994-A-,2,149,30001
0,19,20,1.0,0.9230769230769231,0.0,1.0,0.8333333333333334,0.3684210526315789,0.25,0.17977106606946666,0.0,1.0,0.9333333333333333,0.043478260869565216,1.0,0.7358490566037735,20|1034-C41-1078-A01-1122-A00-1166-A00-1210-A00-1254-A-770-A-814-A00-858-A01-902-A00-946-C41-982-A-983-A00-984-A00-985-A01-986-A01-987-A01-988-A01-989-C41-991-C41-992-A00-993-A00-994-A-,2,149,30002
0,19,20,1.0,0.9230769230769231,0.0,1.0,0.8333333333333334,0.3684210526315789,0.25,0.17977106606946666,0.0,1.0,0.9333333333333333,0.043478260869565216,1.0,0.7358490566037735,20|1034-C41-1078-A01-1122-A00-1166-A00-1210-A00-1254-A-770-A-814-A00-858-A01-902-A00-946-C41-982-A-983-A00-984-A00-985-A01-986-A01-987-A01-988-A01-989-C41-991-C41-992-A00-993-A00-994-A-,2,149,30003
0,19,20,1.0,0.9230769230769231,0.0,1.0,0.8333333333333334,0.3684210526315789,0.25,0.17977106606946666,0.0,1.0,0.9333333333333333,0.043478260869565216,1.0,0.7358490566037735,20|1034-C41-1078-A01-1122-A00-1166-A00-1210-A00-1254-A-770-A-814-A00-858-A01-902-A00-946-C41-982-A-983-A00-984-A00-985-A01-986-A01-987-A01-988-A01-989-C41-991-C41-992-A00-993-A00-994-A-,2,149,30004
0,19,20,1.0,0.9230769230769231,0.0,1.0,0.8333333333333334,0.3684210526315789,0.25,0.17977106606946666,0.0,1.0,0.9333333333333333,0.043478260869565216,1.0,0.7358490566037735,20|1034-C41-1078-A01-1122-A00-1166-A00-1210-A00-1254-A-770-A-814-A00-858-A01-902-A00-946-C41-982-A-983-A00-984-A00-985-A01-986-A01-987-A01-988-A01-989-C41-991-C41-992-A00-993-A00-994-A-,2,149,30005
0,19,20,1.0,0.9230769230769231,0.0,1.0,0.8333333333333334,0.3684210526315789,0.25,0.17977106606946666,0.0,1.0,0.9333333333333333,0.043478260869565216,1.0,0.7358490566037735,20|1034-C41-1078-A01-1122-A00-1166-A00-1210-A00-1254-A-770-A-814-A00-858-A01-902-A00-946-C41-982-A-983-A00-984-A00-985-A01-986-A01-987-A01-988-A01-989-C41-991-C41-992-A00-993-A00-994-A-,2,149,30006
0,19,20,1.0,0.9230769230769231,0.0,1.0,0.8333333333333334,0.3684210526315789,0.25,0.17977106606946666,0.0,1.0,0.9333333333333333,0.043478260869565216,1.0,0.7358490566037735,20|1034-C41-1078-A01-1122-A00-1166-A00-1210-A00-1254-A-770-A-814-A00-858-A01-902-A00-946-C41-982-A-983-A00-984-A00-985-A01-986-A01-987-A01-988-A01-989-C41-991-C41-992-A00-993-A00-994-A-,2,149,30007
0,19,20,1.0,0.9230769230769231,0.0,1.0,0.8333333333333334,0.3684210526315789,0.25,0.17977106606946666,0.0,1.0,0.9333333333333333,0.043478260869565216,1.0,0.7358490566037735,20|1034-C41-1078-A01-1122-A00-1166-A00-1210-A00-1254-A-770-A-814-A00-858-A01-902-A00-946-C41-982-A-983-A00-984-A00-985-A01-986-A01-987-A01-988-A01-989-C41-991-C41-992-A00-993-A00-994-A-,2,149,30008
0,19,20,1.0,0.9230769230769231,0.0,1.0,0.8333333333333334,0.3684210526315789,0.25,0.17977106606946666,0.0,1.0,0.9333333333333333,0.043478260869565216,1.0,0.7358490566037735,20|1034-C41-1078-A01-1122-A00-1166-A00-1210-A00-1254-A-770-A-814-A00-858-A01-902-A00-946-C41-982-A-983-A00-984-A00-985-A01-986-A01-987-A01-988-A01-989-C41-991-C41-992-A00-993-A00-994-A-,2,149,30009
0,19,20,1.0,0.9230769230769231,0.0,1.0,0.8333333333333334,0.3684210526315789,0.25,0.17977106606946666,0.0,1.0,0.9333333333333333,0.043478260869565216,1.0,0.7358490566037735,20|1034-C41-1078-A01-1122-A00-1166-A00-1210-A00-1254-A-770-A-814-A00-858-A01-902-A00-946-C41-982-A-983-A00-984-A00-985-A01-986-A01-987-A01-988-A01-989-C41-991-C41-992-A00-993-A00-994-A-,2,149,30010
0,19,20,1.0,0.9230769230769231,0.0,1.0,0.8333333333333334,0.3684210526315789,0.25,0.17977106606946666,0.0,1.0,0.9333333333333333,0.043478260869565216,1.0,0.7358490566037735,20|1034-C41-1078-A01-1122-A00-1166-A00-1210-A00-1254-A-770-A-814-A00-858-A01-902-A00-946-C41-982-A-983-A00-984-A00-985-A01-986-A01-987-A01-988-A01-989-C41-991-C41-992-A00-993-A00-994-A-,2,149,30011
0,19,20,1.0,0.9230769230769231,0.0,1.0,0.8333333333333334,0.3684210526315789,0.25,0.17977106606946666,0.0,1.0,0.9333333333333333,0.043478260869565216,1.0,0.7358490566037735,20|1034-C41-1078-A01-1122-A00-1166-A00-1210-A00-1254-A-770-A-814-A00-858-A01-902-A00-946-C41-982-A-983-A00-984-A00-985-A01-986-A01-987-A01-988-A01-989-C41-991-C41-992-A00-993-A00-994-A-,2,149,30012
0,19,20,1.0,0.9230769230769231,0.0,1.0,0.8333333333333334,0.3684210526315789,0.25,0.17977106606946666,0.0,1.0,0.9333333333333333,0.043478260869565216,1.0,0.7358490566037735,20|1034-C41-1078-A01-1122-A00-1166-A00-1210-A00-1254-A-770-A-814-A00-858-A01-902-A00-946-C41-982-A-983-A00-984-A00-985-A01-986-A01-987-A01-988-A01-989-C41-991-C41-992-A00-993-A00-994-A-,2,149,30013
0,19,20,1.0,0.9230769230769231,0.0,1.0,0.8333333333333334,0.3684210526315789,0.25,0.17977106606946666,0.0,1.0,0.9333333333333333,0.043478260869565216,1.0,0.7358490566037735,20|1034-C41-1078-A01-1122-A00-1166-A00-1210-A00-1254-A-770-A-814-A00-858-A01-902-A00-946-C41-982-A-983-A00-984-A00-985-A01-986-A01-987-A01-988-A01-989-C41-991-C41-992-A00-993-A00-994-A-,2,149,30014
0,19,20,1.0,0.9230769230769231,0.0,1.0,0.8333333333333334,0.3684210526315789,0.25,0.17977106606946666,0.0,1.0,0.9333333333333333,0.043478260869565216,1.0,0.7358490566037735,20|1034-C41-1078-A01-1122-A00-1166-A00-1210-A00-1254-A-770-A-814-A00-858-A01-902-A00-946-C41-982-A-983-A00-984-A00-985-A01-986-A01-987-A01-988-A01-989-C41-991-C41-992-A00-993-A00-994-A-,2,149,30015
0,19,20,1.0,0.9230769230769231,0.0,1.0,0.8333333333333334,0.3684210526315789,0.25,0.17977106606946666,0.0,1.0,0.9333333333333333,0.043478260869565216,1.0,0.7358490566037735,20|1034-C41-1078-A01-1122-A00-1166-A00-1210-A00-1254-A-770-A-814-A00-858-A01-902-A00-946-C41-982-A-983-A00-984-A00-985-A01-986-A01-987-A01-988-A01-989-C41-991-C41-992-A00-993-A00-994-A-,2,149,30016
0,19,20,1.0,0.9230769230769231,0.0,1.0,0.8333333333333334,0.3684210526315789,0.25,0.17977106606946666,0.0,1.0,0.9333333333333333,0.043478260869565216,1.0,0.7358490566037735,20|1034-C41-1078-A01-1122-A00-1166-A00-1210-A00-1254-A-770-A-814-A00-858-A01-902-A00-946-C41-982-A-983-A00-984-A00-985-A01-986-A01-987-A01-988-A01-989-C41-991-C41-992-A00-993-A00-994-A-,2,149,30017
0,19,20,1.0,0.9230769230769231,0.0,1.0,0.8333333333333334,0.3684210526315789,0.25,0.17977106606946666,0.0,1.0,0.9333333333333333,0.043478260869565216,1.0,0.7358490566037735,20|1034-C41-1078-A01-1122-A00-1166-A00-1210-A00-1254-A-770-A-814-A00-858-A01-902-A00-946-C41-982-A-983-A00-984-A00-985-A01-986-A01-987-A01-988-A01-989-C41-991-C41-992-A00-993-A00-994-A-,2,149,30018
0,19,20,1.0,0.9230769230769231,0.0,1.0,0.8333333333333334,0.3684210526315789,0.25,0.17977106606946666,0.0,1.0,0.9333333333333333,0.043478260869565216,1.0,0.7358490566037735,20|1034-C41-1078-A01-1122-A00-1166-A00-1210-A00-1254-A-770-A-814-A00-858-A01-902-A00-946-C41-982-A-983-A00-984-A00-985-A01-986-A01-987-A01-988-A01-989-C41-991-C41-992-A00-993-A00-994-A-,2,149,30019
0,19,20,1.0,0.9230769230769231,0.0,1.0,0.8333333333333334,0.3684210526315789,0.25,0.17977106606946666,0.0,1.0,0.9333333333333333,0.043478260869565216,1.0,0.7358490566037735,20|1034-C41-1078-A01-1122-A00-1166-A00-1210-A00-1254-A-770-A-814-A00-858-A01-902-A00-946-C41-982-A-983-A00-984-A00-985-A01-986-A01-987-A01-988-A01-989-C41-991-C41-992-A00-993-A00-994-A-,2,149,30020
0,19,20,1.0,0.9230769230769231,0.0,1.0,0.8333333333333334,0.3684210526315789,0.25,0.17977106606946666,0.0,1.0,0.9333333333333333,0.043478260869565216,1.0,0.7358490566037735,20|1034-C41-1078-A01-1122-A00-1166-A00-1210-A00-1254-A-770-A-814-A00-858-A01-902-A00-946-C41-982-A-983-A00-984-A00-985-A01-986-A01-987-A01-988-A01-989-C41-991-C41-992-A00-993-A00-994-A-,2,149,30021
0,19,20,1.0,0.9230769230769231,0.0,1.0,0.8333333333333334,0.3684210526315789,0.25,0.17977106606946666,0.0,1.0,0.9333333333333333,0.043478260869565216,1.0,0.7358490566037735,20|1034-C41-1078-A01-1122-A00-1166-A00-1210-A00-1254-A-770-A-814-A00-858-A01-902-A00-946-C41-982-A-983-A00-984-A00-985-A01-986-A01-987-A01-988-A01-989-C41-991-C41-992-A00-993-A00-994-A-,2,149,30022
0,19,20,1.0,0.9230769230769231,0.0,1.0,0.8333333333333334,0.3684210526315789,0.25,0.17977106606946666,0.0,1.0,0.9333333333333333,0.043478260869565216,1.0,0.7358490566037735,20|1034-C41-1078-A01-1122-A00-1166-A00-1210-A00-1254-A-770-A-814-A00-858-A01-902-A00-946-C41-982-A-983-A00-984-A00-985-A01-986-A01-987-A01-988-A01-989-C41-991-C41-992-A00-993-A00-994-A-,2,149,30023
0,19,20,1.0,0.9230769230769231,0.0,1.0,0.8333333333333334,0.3684210526315789,0.25,0.17977106606946666,0.0,1.0,0.9333333333333333,0.043478260869565216,1.0,0.7358490566037735,20|1034-C41-1078-A01-1122-A00-1166-A00-1210-A00-1254-A-770-A-814-A00-858-A01-902-A00-946-C41-982-A-983-A00-984-A00-985-A01-986-A01-987-A01-988-A01-989-C41-991-C41-992-A00-993-A00-994-A-,2,149,30024
0,19,20,1.0,0.9230769230769231,0.0,1.0,0.8333333333333334,0.3684210526315789,0.25,0.17977106606946666,0.0,1.0,0.9333333333333333,0.043478260869565216,1.0,0.7358490566037735,20|1034-C41-1078-A01-1122-A00-1166-A00-1210-A00-1254-A-770-A-814-A00-858-A01-902-A00-946-C41-982-A-983-A00-984-A00-985-A01-986-A01-987-A01-988-A01-989-C41-991-C41-992-A00-993-A00-994-A-,2,149,30025
0,19,20,1.0,0.9230769230769231,0.0,1.0,0.8333333333333334,0.3684210526315789,0.25,0.17977106606946666,0.0,1.0,0.9333333333333333,0.043478260869565216,1.0,0.7358490566037735,20|1034-C41-1078-A01-1122-A00-1166-A00-1210-A00-1254-A-770-A-814-A00-858-A01-902-A00-946-C41-982-A-983-A00-984-A00-985-A01-986-A01-987-A01-988-A01-989-C41-991-C41-992-A00-993-A00-994-A-,2,149,30026
0,19,20,1.0,0.9230769230769231,0.0,1.0,0.8333333333333334,0.3684210526315789,0.25,0.17977106606946666,0.0,1.0,0.9333333333333333,0.043478260869565216,1.0,0.7358490566037735,20|1034-C41-1078-A01-1122-A00-1166-A00-1210-A00-1254-A-770-A-814-A00-858-A01-902-A00-946-C41-982-A-983-A00-984-A00-985-A01-986-A01-987-A01-988-A01-989-C41-991-C41-992-A00-993-A00-994-A-,2,149,30027
0,19,20,1.0,0.9230769230769231,0.0,1.0,0.8333333333333334,0.3684210526315789,0.25,0.17977106606946666,0.0,1.0,0.9333333333333333,0.043478260869565216,1.0,0.7358490566037735,20|1034-C41-1078-A01-1122-A00-1166-A00-1210-A00-1254-A-770-A-814-A00-858-A01-902-A00-946-C41-982-A-983-A00-984-A00-985-A01-986-A01-987-A01-988-A01-989-C41-991-C41-992-A00-993-A00-994-A-,2,149,30028
0,19,20,1.0,0.9230769230769231,0.0,1.0,0.8333333333333334,0.3684210526315789,0.25,0.17977106606946666,0.0,1.0,0.9333333333333333,0.043478260869565216,1.0,0.7358490566037735,20|1034-C41-1078-A01-1122-A00-1166-A00-1210-A00-1254-A-770-A-814-A00-858-A01-902-A00-946-C41-982-A-983-A00-984-A00-985-A01-986-A01-987-A01-988-A01-989-C41-991-C41-992-A00-993-A00-994-A-,2,149,30029
0,19,20,1.0,0.9230769230769231,0.0,1.0,0.8333333333333334,0.3684210526315789,0.25,0.17977106606946666,0.0,1.0,0.9333333333333333,0.043478260869565216,1.0,0.7358490566037735,20|1034-C41-1078-A01-1122-A00-1166-A00-1210-A00-1254-A-770-A-814-A00-858-A01-902-A00-946-C41-982-A-983-A00-984-A00-985-A01-986-A01-987-A01-988-A01-989-C41-991-C41-992-A00-993-A00-994-A-,2,149,30030
0,19,20,1.0,0.9230769230769231,0.0,1.0,0.8333333333333334,0.3684210526315789,0.25,0.17977106606946666,0.0,1.0,0.9333333333333333,0.043478260869565216,1.0,0.7358490566037735,20|1034-C41-1078-A01-1122-A00-1166-A00-1210-A00-1254-A-770-A-814-A00-858-A01-902-A00-946-C41-982-A-983-A00-984-A00-985-A01-986-A01-987-A01-988-A01-989-C41-991-C41-992-A00-993-A00-994-A-,2,149,30031
0,19,20,1.0,0.9230769230769231,0.0,1.0,0.8333333333333334,0.3684210526315789,0.25,0.17977106606946666,0.0,1.0,0.9333333333333333,0.043478260869565216,1.0,0.7358490566037735,20|1034-C41-1078-A01-1122-A00-1166-A00-1210-A00-1254-A-770-A-814-A00-858-A01-902-A00-946-C41-982-A-983-A00-984-A00-985-A01-986-A01-987-A01-988-A01-989-C41-991-C41-992-A00-993-A00-994-A-,2,149,30032
0,19,20,1.0,0.9230769230769231,0.0,1.0,0.8333333333333334,0.3684210526315789,0.25,0.17977106606946666,0.0,1.0,0.9333333333333333,0.043478260869565216,1.0,0.7358490566037735,20|1034-C41-1078-A01-1122-A00-1166-A00-1210-A00-1254-A-770-A-814-A00-858-A01-902-A00-946-C41-982-A-983-A00-984-A00-985-A01-986-A01-987-A01-988-A01-989-C41-991-C41-992-A00-993-A00-994-A-,2,149,30033
0,19,20,1.0,0.9230769230769231,0.0,1.0,0.8333333333333334,0.3684210526315789,0.25,0.17977106606946666,0.0,1.0,0.9333333333333333,0.043478260869565216,1.0,0.7358490566037735,20|1034-C41-1078-A01-1122-A00-1166-A00-1210-A00-1254-A-770-A-814-A00-858-A01-902-A00-946-C41-982-A-983-A00-984-A00-985-A01-986-A01-987-A01-988-A01-989-C41-991-C41-992-A00-993-A00-994-A-,2,149,30034
0,19,20,1.0,0.9230769230769231,0.0,1.0,0.8333333333333334,0.3684210526315789,0.25,0.17977106606946666,0.0,1.0,0.9333333333333333,0.043478260869565216,1.0,0.7358490566037735,20|1034-C41-1078-A01-1122-A00-1166-A00-1210-A00-1254-A-770-A-814-A00-858-A01-902-A00-946-C41-982-A-983-A00-984-A00-985-A01-986-A01-987-A01-988-A01-989-C41-991-C41-992-A00-993-A00-994-A-,2,149,30035
0,19,20,1.0,0.9230769230769231,0.0,1.0,0.8333333333333334,0.3684210526315789,0.25,0.17977106606946666,0.0,1.0,0.9333333333333333,0.043478260869565216,1.0,0.7358490566037735,20|1034-C41-1078-A01-1122-A00-1166-A00-1210-A00-1254-A-770-A-814-A00-858-A01-902-A00-946-C41-982-A-983-A00-984-A00-985-A01-986-A01-987-A01-988-A01-989-C41-991-C41-992-A00-993-A00-994-A-,2,149,30036
0,19,20,1.0,0.9230769230769231,0.0,1.0,0.8333333333333334,0.3684210526315789,0.25,0.17977106606946666,0.0,1.0,0.9333333333333333,0.043478260869565216,1.0,0.7358490566037735,20|1034-C41-1078-A01-1122-A00-1166-A00-1210-A00-1254-A-770-A-814-A00-858-A01-902-A00-946-C41-982-A-983-A00-984-A00-985-A01-986-A01-987-A01-988-A01-989-C41-991-C41-992-A00-993-A00-994-A-,2,149,30037
0,19,20,1.0,0.9230769230769231,0.0,1.0,0.8333333333333334,0.3684210526315789,0.25,0.17977106606946666,0.0,1.0,0.9333333333333333,0.043478260869565216,1.0,0.7358490566037735,20|1034-C41-1078-A01-1122-A00-1166-A00-1210-A00-1254-A-770-A-814-A00-858-A01-902-A00-946-C41-982-A-983-A00-984-A00-985-A01-986-A01-987-A01-988-A01-989-C41-991-C41-992-A00-993-A00-994-A-,2,149,30038
0,19,20,1.0,0.9230769230769231,0.0,1.0,0.8333333333333334,0.3684210526315789,0.25,0.17977106606946666,0.0,1.0,0.9333333333333333,0.043478260869565216,1.0,0.7358490566037735,20|1034-C41-1078-A01-1122-A00-1166-A00-1210-A00-1254-A-770-A-814-A00-858-A01-902-A00-946-C41-982-A-983-A00-984-A00-985-A01-986-A01-987-A01-988-A01-989-C41-991-C41-992-A00-993-A00-994-A-,2,149,30039
0,19,20,1.0,0.9230769230769231,0.0,1.0,0.8333333333333334,0.3684210526315789,0.25,0.17977106606946666,0.0,1.0,0.9333333333333333,0.043478260869565216,1.0,0.7358490566037735,20|1034-C41-1078-A01-1122-A00-1166-A00-1210-A00-1254-A-770-A-814-A00-858-A01-902-A00-946-C41-982-A-983-A00-984-A00-985-A01-986-A01-987-A01-988-A01-989-C41-991-C41-992-A00-993-A00-994-A-,2,149,30040
0,19,20,1.0,0.9230769230769231,0.0,1.0,0.8333333333333334,0.3684210526315789,0.25,0.17977106606946666,0.0,1.0,0.9333333333333333,0.043478260869565216,1.0,0.7358490566037735,20|1034-C41-1078-A01-1122-A00-1166-A00-1210-A00-1254-A-770-A-814-A00-858-A01-902-A00-946-C41-982-A-983-A00-984-A00-985-A01-986-A01-987-A01-988-A01-989-C41-991-C41-992-A00-993-A00-994-A-,2,149,30041
0,19,20,1.0,0.9230769230769231,0.0,1.0,0.8333333333333334,0.3684210526315789,0.25,0.17977106606946666,0.0,1.0,0.9333333333333333,0.043478260869565216,1.0,0.7358490566037735,20|1034-C41-1078-A01-1122-A00-1166-A00-1210-A00-1254-A-770-A-814-A00-858-A01-902-A00-946-C41-982-A-983-A00-984-A00-985-A01-986-A01-987-A01-988-A01-989-C41-991-C41-992-A00-993-A00-994-A-,2,149,30042
0,19,20,1.0,0.9230769230769231,0.0,1.0,0.8333333333333334,0.3684210526315789,0.25,0.17977106606946666,0.0,1.0,0.9333333333333333,0.043478260869565216,1.0,0.7358490566037735,20|1034-C41-1078-A01-1122-A00-1166-A00-1210-A00-1254-A-770-A-814-A00-858-A01-902-A00-946-C41-982-A-983-A00-984-A00-985-A01-986-A01-987-A01-988-A01-989-C41-991-C41-992-A00-993-A00-994-A-,2,149,30043
0,19,20,1.0,0.9230769230769231,0.0,1.0,0.8333333333333334,0.3684210526315789,0.25,0.17977106606946666,0.0,1.0,0.9333333333333333,0.043478260869565216,1.0,0.7358490566037735,20|1034-C41-1078-A01-1122-A00-1166-A00-1210-A00-1254-A-770-A-814-A00-858-A01-902-A00-946-C41-982-A-983-A00-984-A00-985-A01-986-A01-987-A01-988-A01-989-C41-991-C41-992-A00-993-A00-994-A-,2,149,30044
0,19,20,1.0,0.9230769230769231,0.0,1.0,0.8333333333333334,0.3684210526315789,0.25,0.17977106606946666,0.0,1.0,0.9333333333333333,0.043478260869565216,1.0,0.7358490566037735,20|1034-C41-1078-A01-1122-A00-1166-A00-1210-A00-1254-A-770-A-814-A00-858-A01-902-A00-946-C41-982-A-983-A00-984-A00-985-A01-986-A01-987-A01-988-A01-989-C41-991-C41-992-A00-993-A00-994-A-,2,149,30045
0,19,20,1.0,0.9230769230769231,0.0,1.0,0.8333333333333334,0.3684210526315789,0.25,0.17977106606946666,0.0,1.0,0.9333333333333333,0.043478260869565216,1.0,0.7358490566037735,20|1034-C41-1078-A01-1122-A00-1166-A00-1210-A00-1254-A-770-A-814-A00-858-A01-902-A00-946-C41-982-A-983-A00-984-A00-985-A01-986-A01-987-A01-988-A01-989-C41-991-C41-992-A00-993-A00-994-A-,2,149,30046
0,19,20,1.0,0.9230769230769231,0.0,1.0,0.8333333333333334,0.3684210526315789,0.25,0.17977106606946666,0.0,1.0,0.9333333333333333,0.043478260869565216,1.0,0.7358490566037735,20|1034-C41-1078-A01-1122-A00-1166-A00-1210-A00-1254-A-770-A-814-A00-858-A01-902-A00-946-C41-982-A-983-A00-984-A00-985-A01-986-A01-987-A01-988-A01-989-C41-991-C41-992-A00-993-A00-994-A-,2,149,30047
0,19,20,1.0,0.9230769230769231,0.0,1.0,0.8333333333333334,0.3684210526315789,0.25,0.17977106606946666,0.0,1.0,0.9333333333333333,0.043478260869565216,1.0,0.7358490566037735,20|1034-C41-1078-A01-1122-A00-1166-A00-1210-A00-1254-A-770-A-814-A00-858-A01-902-A00-946-C41-982-A-983-A00-984-A00-985-A01-986-A01-987-A01-988-A01-989-C41-991-C41-992-A00-993-A00-994-A-,2,149,30048
0,19,20,1.0,0.9230769230769231,0.0,1.0,0.8333333333333334,0.3684210526315789,0.25,0.17977106606946666,0.0,1.0,0.9333333333333333,0.043478260869565216,1.0,0.7358490566037735,20|1034-C41-1078-A01-1122-A00-1166-A00-1210-A00-1254-A-770-A-814-A00-858-A01-902-A00-946-C41-982-A-983-A00-984-A00-985-A01-986-A01-987-A01-988-A01-989-C41-991-C41-992-A00-993-A00-994-A-,2,149,30049
0,19,20,1.0,0.9230769230769231,0.0,1.0,0.8333333333333334,0.3684210526315789,0.25,0.17977106606946666,0.0,1.0,0.9333333333333333,0.043478260869565216,1.0,0.7358490566037735,20|1034-C41-1078-A01-1122-A00-1166-A00-1210-A00-1254-A-770-A-814-A00-858-A01-902-A00-946-C41-982-A-983-A00-984-A00-985-A01-986-A01-987-A01-988-A01-989-C41-991-C41-992-A00-993-A00-994-A-,2,149,30050
0,19,20,1.0,0.9230769230769231,0.0,1.0,0.8333333333333334,0.3684210526315789,0.25,0.17977106606946666,0.0,1.0,0.9333333333333333,0.043478260869565216,1.0,0.7358490566037735,20|1034-C41-1078-A01-1122-A00-1166-A00-1210-A00-1254-A-770-A-814-A00-858-A01-902-A00-946-C41-982-A-983-A00-984-A00-985-A01-986-A01-987-A01-988-A01-989-C41-991-C41-992-A00-993-A00-994-A-,2,149,30051
0,19,20,1.0,0.9230769230769231,0.0,1.0,0.8333333333333334,0.3684210526315789,0.25,0.17977106606946666,0.0,1.0,0.9333333333333333,0.043478260869565216,1.0,0.7358490566037735,20|1034-C41-1078-A01-1122-A00-1166-A00-1210-A00-1254-A-770-A-814-A00-858-A01-902-A00-946-C41-982-A-983-A00-984-A00-985-A01-986-A01-987-A01-988-A01-989-C41-991-C41-992-A00-993-A00-994-A-,2,149,30052
0,19,20,1.0,0.9230769230769231,0.0,1.0,0.8333333333333334,0.3684210526315789,0.25,0.17977106606946666,0.0,1.0,0.9333333333333333,0.043478260869565216,1.0,0.7358490566037735,20|1034-C41-1078-A01-1122-A00-1166-A00-1210-A00-1254-A-770-A-814-A00-858-A01-902-A00-946-C41-982-A-983-A00-984-A00-985-A01-986-A01-987-A01-988-A01-989-C41-991-C41-992-A00-993-A00-994-A-,2,149,30053
0,19,20,1.0,0.9230769230769231,0.0,1.0,0.8333333333333334,0.3684210526315789,0.25,0.17977106606946666,0.0,1.0,0.9333333333333333,0.043478260869565216,1.0,0.7358490566037735,20|1034-C41-1078-A01-1122-A00-1166-A00-1210-A00-1254-A-770-A-814-A00-858-A01-902-A00-946-C41-982-A-983-A00-984-A00-985-A01-986-A01-987-A01-988-A01-989-C41-991-C41-992-A00-993-A00-994-A-,2,149,30054
0,19,20,1.0,0.9230769230769231,0.0,1.0,0.8333333333333334,0.3684210526315789,0.25,0.17977106606946666,0.0,1.0,0.9333333333333333,0.043478260869565216,1.0,0.7358490566037735,20|1034-C41-1078-A01-1122-A00-1166-A00-1210-A00-1254-A-770-A-814-A00-858-A01-902-A00-946-C41-982-A-983-A00-984-A00-985-A01-986-A01-987-A01-988-A01-989-C41-991-C41-992-A00-993-A00-994-A-,2,149,30055
0,19,20,1.0,0.9230769230769231,0.0,1.0,0.8333333333333334,0.3684210526315789,0.25,0.17977106606946666,0.0,1.0,0.9333333333333333,0.043478260869565216,1.0,0.7358490566037735,20|1034-C41-1078-A01-1122-A00-1166-A00-1210-A00-1254-A-770-A-814-A00-858-A01-902-A00-946-C41-982-A-983-A00-984-A00-985-A01-986-A01-987-A01-988-A01-989-C41-991-C41-992-A00-993-A00-994-A-,2,149,30056
0,19,20,1.0,0.9230769230769231,0.0,1.0,0.8333333333333334,0.3684210526315789,0.25,0.17977106606946666,0.0,1.0,0.9333333333333333,0.043478260869565216,1.0,0.7358490566037735,20|1034-C41-1078-A01-1122-A00-1166-A00-1210-A00-1254-A-770-A-814-A00-858-A01-902-A00-946-C41-982-A-983-A00-984-A00-985-A01-986-A01-987-A01-988-A01-989-C41-991-C41-992-A00-993-A00-994-A-,2,149,30057
0,19,20,1.0,0.9230769230769231,0.0,1.0,0.8333333333333334,0.3684210526315789,0.25,0.17977106606946666,0.0,1.0,0.9333333333333333,0.043478260869565216,1.0,0.7358490566037735,20|1034-C41-1078-A01-1122-A00-1166-A00-1210-A00-1254-A-770-A-814-A00-858-A01-902-A00-946-C41-982-A-983-A00-984-A00-985-A01-986-A01-987-A01-988-A01-989-C41-991-C41-992-A00-993-A00-994-A-,2,149,30058
0,19,20,1.0,0.9230769230769231,0.0,1.0,0.8333333333333334,0.3684210526315789,0.25,0.17977106606946666,0.0,1.0,0.9333333333333333,0.043478260869565216,1.0,0.7358490566037735,20|1034-C41-1078-A01-1122-A00-1166-A00-1210-A00-1254-A-770-A-814-A00-858-A01-902-A00-946-C41-982-A-983-A00-984-A00-985-A01-986-A01-987-A01-988-A01-989-C41-991-C41-992-A00-993-A00-994-A-,2,149,30059
0,19,20,1.0,0.9230769230769231,0.0,1.0,0.8333333333333334,0.3684210526315789,0.25,0.17977106606946666,0.0,1.0,0.9333333333333333,0.043478260869565216,1.0,0.7358490566037735,20|1034-C41-1078-A01-1122-A00-1166-A00-1210-A00-1254-A-770-A-814-A00-858-A01-902-A00-946-C41-982-A-983-A00-984-A00-985-A01-986-A01-987-A01-988-A01-989-C41-991-C41-992-A00-993-A00-994-A-,2,149,30060
0,19,20,1.0,0.9230769230769231,0.0,1.0,0.8333333333333334,0.3684210526315789,0.25,0.17977106606946666,0.0,1.0,0.9333333333333333,0.043478260869565216,1.0,0.7358490566037735,20|1034-C41-1078-A01-1122-A00-1166-A00-1210-A00-1254-A-770-A-814-A00-858-A01-902-A00-946-C41-982-A-983-A00-984-A00-985-A01-986-A01-987-A01-988-A01-989-C41-991-C41-992-A00-993-A00-994-A-,2,149,30061
0,19,20,1.0,0.9230769230769231,0.0,1.0,0.8333333333333334,0.3684210526315789,0.25,0.17977106606946666,0.0,1.0,0.9333333333333333,0.043478260869565216,1.0,0.7358490566037735,20|1034-C41-1078-A01-1122-A00-1166-A00-1210-A00-1254-A-770-A-814-A00-858-A01-902-A00-946-C41-982-A-983-A00-984-A00-985-A01-986-A01-987-A01-988-A01-989-C41-991-C41-992-A00-993-A00-994-A-,2,149,30062
0,19,20,1.0,0.9230769230769231,0.0,1.0,0.8333333333333334,0.3684210526315789,0.25,0.17977106606946666,0.0,1.0,0.9333333333333333,0.043478260869565216,1.0,0.7358490566037735,20|1034-C41-1078-A01-1122-A00-1166-A00-1210-A00-1254-A-770-A-814-A00-858-A01-902-A00-946-C41-982-A-983-A00-984-A00-985-A01-986-A01-987-A01-988-A01-989-C41-991-C41-992-A00-993-A00-994-A-,2,149,30063
0,19,20,1.0,0.9230769230769231,0.0,1.0,0.8333333333333334,0.3684210526315789,0.25,0.17977106606946666,0.0,1.0,0.9333333333333333,0.043478260869565216,1.0,0.7358490566037735,20|1034-C41-1078-A01-1122-A00-1166-A00-1210-A00-1254-A-770-A-814-A00-858-A01-902-A00-946-C41-982-A-983-A00-984-A00-985-A01-986-A01-987-A01-988-A01-989-C41-991-C41-992-A00-993-A00-994-A-,2,149,30064
0,19,20,1.0,0.9230769230769231,0.0,1.0,0.8333333333333334,0.3684210526315789,0.25,0.17977106606946666,0.0,1.0,0.9333333333333333,0.043478260869565216,1.0,0.7358490566037735,20|1034-C41-1078-A01-1122-A00-1166-A00-1210-A00-1254-A-770-A-814-A00-858-A01-902-A00-946-C41-982-A-983-A00-984-A00-985-A01-986-A01-987-A01-988-A01-989-C41-991-C41-992-A00-993-A00-994-A-,2,149,30065
0,19,20,1.0,0.9230769230769231,0.0,1.0,0.8333333333333334,0.3684210526315789,0.25,0.17977106606946666,0.0,1.0,0.9333333333333333,0.043478260869565216,1.0,0.7358490566037735,20|1034-C41-1078-A01-1122-A00-1166-A00-1210-A00-1254-A-770-A-814-A00-858-A01-902-A00-946-C41-982-A-983-A00-984-A00-985-A01-986-A01-987-A01-988-A01-989-C41-991-C41-992-A00-993-A00-994-A-,2,149,30066
0,19,20,1.0,0.9230769230769231,0.0,1.0,0.8333333333333334,0.3684210526315789,0.25,0.17977106606946666,0.0,1.0,0.9333333333333333,0.043478260869565216,1.0,0.7358490566037735,20|1034-C41-1078-A01-1122-A00-1166-A00-1210-A00-1254-A-770-A-814-A00-858-A01-902-A00-946-C41-982-A-983-A00-984-A00-985-A01-986-A01-987-A01-988-A01-989-C41-991-C41-992-A00-993-A00-994-A-,2,149,30067
0,19,20,1.0,0.9230769230769231,0.0,1.0,0.8333333333333334,0.3684210526315789,0.25,0.17977106606946666,0.0,1.0,0.9333333333333333,0.043478260869565216,1.0,0.7358490566037735,20|1034-C41-1078-A01-1122-A00-1166-A00-1210-A00-1254-A-770-A-814-A00-858-A01-902-A00-946-C41-982-A-983-A00-984-A00-985-A01-986-A01-987-A01-988-A01-989-C41-991-C41-992-A00-993-A00-994-A-,2,149,30068
0,19,20,1.0,0.9230769230769231,0.0,1.0,0.8333333333333334,0.3684210526315789,0.25,0.17977106606946666,0.0,1.0,0.9333333333333333,0.043478260869565216,1.0,0.7358490566037735,20|1034-C41-1078-A01-1122-A00-1166-A00-1210-A00-1254-A-770-A-814-A00-858-A01-902-A00-946-C41-982-A-983-A00-984-A00-985-A01-986-A01-987-A01-988-A01-989-C41-991-C41-992-A00-993-A00-994-A-,2,149,30069
0,19,20,1.0,0.9230769230769231,0.0,1.0,0.8333333333333334,0.3684210526315789,0.25,0.17977106606946666,0.0,1.0,0.9333333333333333,0.043478260869565216,1.0,0.7358490566037735,20|1034-C41-1078-A01-1122-A00-1166-A00-1210-A00-1254-A-770-A-814-A00-858-A01-902-A00-946-C41-982-A-983-A00-984-A00-985-A01-986-A01-987-A01-988-A01-989-C41-991-C41-992-A00-993-A00-994-A-,2,149,30070
0,19,20,1.0,0.9230769230769231,0.0,1.0,0.8333333333333334,0.3684210526315789,0.25,0.17977106606946666,0.0,1.0,0.9333333333333333,0.043478260869565216,1.0,0.7358490566037735,20|1034-C41-1078-A01-1122-A00-1166-A00-1210-A00-1254-A-770-A-814-A00-858-A01-902-A00-946-C41-982-A-983-A00-984-A00-985-A01-986-A01-987-A01-988-A01-989-C41-991-C41-992-A00-993-A00-994-A-,2,149,30071
0,19,20,1.0,0.9230769230769231,0.0,1.0,0.8333333333333334,0.3684210526315789,0.25,0.17977106606946666,0.0,1.0,0.9333333333333333,0.043478260869565216,1.0,0.7358490566037735,20|1034-C41-1078-A01-1122-A00-1166-A00-1210-A00-1254-A-770-A-814-A00-858-A01-902-A00-946-C41-982-A-983-A00-984-A00-985-A01-986-A01-987-A01-988-A01-989-C41-991-C41-992-A00-993-A00-994-A-,2,149,30072
0,19,20,1.0,0.9230769230769231,0.0,1.0,0.8333333333333334,0.3684210526315789,0.25,0.17977106606946666,0.0,1.0,0.9333333333333333,0.043478260869565216,1.0,0.7358490566037735,20|1034-C41-1078-A01-1122-A00-1166-A00-1210-A00-1254-A-770-A-814-A00-858-A01-902-A00-946-C41-982-A-983-A00-984-A00-985-A01-986-A01-987-A01-988-A01-989-C41-991-C41-992-A00-993-A00-994-A-,2,149,30073
0,19,20,1.0,0.9230769230769231,0.0,1.0,0.8333333333333334,0.3684210526315789,0.25,0.17977106606946666,0.0,1.0,0.9333333333333333,0.043478260869565216,1.0,0.7358490566037735,20|1034-C41-1078-A01-1122-A00-1166-A00-1210-A00-1254-A-770-A-814-A00-858-A01-902-A00-946-C41-982-A-983-A00-984-A00-985-A01-986-A01-987-A01-988-A01-989-C41-991-C41-992-A00-993-A00-994-A-,2,149,30074
0,19,20,1.0,0.9230769230769231,0.0,1.0,0.8333333333333334,0.3684210526315789,0.25,0.17977106606946666,0.0,1.0,0.9333333333333333,0.043478260869565216,1.0,0.7358490566037735,20|1034-C41-1078-A01-1122-A00-1166-A00-1210-A00-1254-A-770-A-814-A00-858-A01-902-A00-946-C41-982-A-983-A00-984-A00-985-A01-986-A01-987-A01-988-A01-989-C41-991-C41-992-A00-993-A00-994-A-,2,149,30075
0,19,20,1.0,0.9230769230769231,0.0,1.0,0.8333333333333334,0.3684210526315789,0.25,0.17977106606946666,0.0,1.0,0.9333333333333333,0.043478260869565216,1.0,0.7358490566037735,20|1034-C41-1078-A01-1122-A00-1166-A00-1210-A00-1254-A-770-A-814-A00-858-A01-902-A00-946-C41-982-A-983-A00-984-A00-985-A01-986-A01-987-A01-988-A01-989-C41-991-C41-992-A00-993-A00-994-A-,2,149,30076
0,19,20,1.0,0.9230769230769231,0.0,1.0,0.8333333333333334,0.3684210526315789,0.25,0.17977106606946666,0.0,1.0,0.9333333333333333,0.043478260869565216,1.0,0.7358490566037735,20|1034-C41-1078-A01-1122-A00-1166-A00-1210-A00-1254-A-770-A-814-A00-858-A01-902-A00-946-C41-982-A-983-A00-984-A00-985-A01-986-A01-987-A01-988-A01-989-C41-991-C41-992-A00-993-A00-994-A-,2,149,30077
0,19,20,1.0,0.9230769230769231,0.0,1.0,0.8333333333333334,0.3684210526315789,0.25,0.17977106606946666,0.0,1.0,0.9333333333333333,0.043478260869565216,1.0,0.7358490566037735,20|1034-C41-1078-A01-1122-A00-1166-A00-1210-A00-1254-A-770-A-814-A00-858-A01-902-A00-946-C41-982-A-983-A00-984-A00-985-A01-986-A01-987-A01-988-A01-989-C41-991-C41-992-A00-993-A00-994-A-,2,149,30078
0,19,20,1.0,0.9230769230769231,0.0,1.0,0.8333333333333334,0.3684210526315789,0.25,0.17977106606946666,0.0,1.0,0.9333333333333333,0.043478260869565216,1.0,0.7358490566037735,20|1034-C41-1078-A01-1122-A00-1166-A00-1210-A00-1254-A-770-A-814-A00-858-A01-902-A00-946-C41-982-A-983-A00-984-A00-985-A01-986-A01-987-A01-988-A01-989-C41-991-C41-992-A00-993-A00-994-A-,2,149,30079
0,19,20,1.0,0.9230769230769231,0.0,1.0,0.8333333333333334,0.3684210526315789,0.25,0.17977106606946666,0.0,1.0,0.9333333333333333,0.043478260869565216,1.0,0.7358490566037735,20|1034-C41-1078-A01-1122-A00-1166-A00-1210-A00-1254-A-770-A-814-A00-858-A01-902-A00-946-C41-982-A-983-A00-984-A00-985-A01-986-A01-987-A01-988-A01-989-C41-991-C41-992-A00-993-A00-994-A-,2,149,30080
0,19,20,1.0,0.9230769230769231,0.0,1.0,0.8333333333333334,0.3684210526315789,0.25,0.17977106606946666,0.0,1.0,0.9333333333333333,0.043478260869565216,1.0,0.7358490566037735,20|1034-C41-1078-A01-1122-A00-1166-A00-1210-A00-1254-A-770-A-814-A00-858-A01-902-A00-946-C41-982-A-983-A00-984-A00-985-A01-986-A01-987-A01-988-A01-989-C41-991-C41-992-A00-993-A00-994-A-,2,149,30081
0,19,20,1.0,0.9230769230769231,0.0,1.0,0.8333333333333334,0.3684210526315789,0.25,0.17977106606946666,0.0,1.0,0.9333333333333333,0.043478260869565216,1.0,0.7358490566037735,20|1034-C41-1078-A01-1122-A00-1166-A00-1210-A00-1254-A-770-A-814-A00-858-A01-902-A00-946-C41-982-A-983-A00-984-A00-985-A01-986-A01-987-A01-988-A01-989-C41-991-C41-992-A00-993-A00-994-A-,2,149,30082
0,19,20,1.0,0.9230769230769231,0.0,1.0,0.8333333333333334,0.3684210526315789,0.25,0.17977106606946666,0.0,1.0,0.9333333333333333,0.043478260869565216,1.0,0.7358490566037735,20|1034-C41-1078-A01-1122-A00-1166-A00-1210-A00-1254-A-770-A-814-A00-858-A01-902-A00-946-C41-982-A-983-A00-984-A00-985-A01-986-A01-987-A01-988-A01-989-C41-991-C41-992-A00-993-A00-994-A-,2,149,30083
0,19,20,1.0,0.9230769230769231,0.0,1.0,0.8333333333333334,0.3684210526315789,0.25,0.17977106606946666,0.0,1.0,0.9333333333333333,0.043478260869565216,1.0,0.7358490566037735,20|1034-C41-1078-A01-1122-A00-1166-A00-1210-A00-1254-A-770-A-814-A00-858-A01-902-A00-946-C41-982-A-983-A00-984-A00-985-A01-986-A01-987-A01-988-A01-989-C41-991-C41-992-A00-993-A00-994-A-,2,149,30084
0,19,20,1.0,0.9230769230769231,0.0,1.0,0.8333333333333334,0.3684210526315789,0.25,0.17977106606946666,0.0,1.0,0.9333333333333333,0.043478260869565216,1.0,0.7358490566037735,20|1034-C41-1078-A01-1122-A00-1166-A00-1210-A00-1254-A-770-A-814-A00-858-A01-902-A00-946-C41-982-A-983-A00-984-A00-985-A01-986-A01-987-A01-988-A01-989-C41-991-C41-992-A00-993-A00-994-A-,2,149,30085
0,19,20,1.0,0.9230769230769231,0.0,1.0,0.8333333333333334,0.3684210526315789,0.25,0.17977106606946666,0.0,1.0,0.9333333333333333,0.043478260869565216,1.0,0.7358490566037735,20|1034-C41-1078-A01-1122-A00-1166-A00-1210-A00-1254-A-770-A-814-A00-858-A01-902-A00-946-C41-982-A-983-A00-984-A00-985-A01-986-A01-987-A01-988-A01-989-C41-991-C41-992-A00-993-A00-994-A-,2,149,30086
0,19,20,1.0,0.9230769230769231,0.0,1.0,0.8333333333333334,0.3684210526315789,0.25,0.17977106606946666,0.0,1.0,0.9333333333333333,0.043478260869565216,1.0,0.7358490566037735,20|1034-C41-1078-A01-1122-A00-1166-A00-1210-A00-1254-A-770-A-814-A00-858-A01-902-A00-946-C41-982-A-983-A00-984-A00-985-A01-986-A01-987-A01-988-A01-989-C41-991-C41-992-A00-993-A00-994-A-,2,149,30087
0,19,20,1.0,0.9230769230769231,0.0,1.0,0.8333333333333334,0.3684210526315789,0.25,0.17977106606946666,0.0,1.0,0.9333333333333333,0.043478260869565216,1.0,0.7358490566037735,20|1034-C41-1078-A01-1122-A00-1166-A00-1210-A00-1254-A-770-A-814-A00-858-A01-902-A00-946-C41-982-A-983-A00-984-A00-985-A01-986-A01-987-A01-988-A01-989-C41-991-C41-992-A00-993-A00-994-A-,2,149,30088
0,19,20,1.0,0.9230769230769231,0.0,1.0,0.8333333333333334,0.3684210526315789,0.25,0.17977106606946666,0.0,1.0,0.9333333333333333,0.043478260869565216,1.0,0.7358490566037735,20|1034-C41-1078-A01-1122-A00-1166-A00-1210-A00-1254-A-770-A-814-A00-858-A01-902-A00-946-C41-982-A-983-A00-984-A00-985-A01-986-A01-987-A01-988-A01-989-C41-991-C41-992-A00-993-A00-994-A-,2,149,30089
0,19,20,1.0,0.9230769230769231,0.0,1.0,0.8333333333333334,0.3684210526315789,0.25,0.17977106606946666,0.0,1.0,0.9333333333333333,0.043478260869565216,1.0,0.7358490566037735,20|1034-C41-1078-A01-1122-A00-1166-A00-1210-A00-1254-A-770-A-814-A00-858-A01-902-A00-946-C41-982-A-983-A00-984-A00-985-A01-986-A01-987-A01-988-A01-989-C41-991-C41-992-A00-993-A00-994-A-,2,149,30090
0,19,20,1.0,0.9230769230769231,0.0,1.0,0.8333333333333334,0.3684210526315789,0.25,0.17977106606946666,0.0,1.0,0.9333333333333333,0.043478260869565216,1.0,0.7358490566037735,20|1034-C41-1078-A01-1122-A00-1166-A00-1210-A00-1254-A-770-A-814-A00-858-A01-902-A00-946-C41-982-A-983-A00-984-A00-985-A01-986-A01-987-A01-988-A01-989-C41-991-C41-992-A00-993-A00-994-A-,2,149,30091
0,19,20,1.0,0.9230769230769231,0.0,1.0,0.8333333333333334,0.3684210526315789,0.25,0.17977106606946666,0.0,1.0,0.9333333333333333,0.043478260869565216,1.0,0.7358490566037735,20|1034-C41-1078-A01-1122-A00-1166-A00-1210-A00-1254-A-770-A-814-A00-858-A01-902-A00-946-C41-982-A-983-A00-984-A00-985-A01-986-A01-987-A01-988-A01-989-C41-991-C41-992-A00-993-A00-994-A-,2,149,30092
0,19,20,1.0,0.9230769230769231,0.0,1.0,0.8333333333333334,0.3684210526315789,0.25,0.17977106606946666,0.0,1.0,0.9333333333333333,0.043478260869565216,1.0,0.7358490566037735,20|1034-C41-1078-A01-1122-A00-1166-A00-1210-A00-1254-A-770-A-814-A00-858-A01-902-A00-946-C41-982-A-983-A00-984-A00-985-A01-986-A01-987-A01-988-A01-989-C41-991-C41-992-A00-993-A00-994-A-,2,149,30093
0,19,20,1.0,0.9230769230769231,0.0,1.0,0.8333333333333334,0.3684210526315789,0.25,0.17977106606946666,0.0,1.0,0.9333333333333333,0.043478260869565216,1.0,0.7358490566037735,20|1034-C41-1078-A01-1122-A00-1166-A00-1210-A00-1254-A-770-A-814-A00-858-A01-902-A00-946-C41-982-A-983-A00-984-A00-985-A01-986-A01-987-A01-988-A01-989-C41-991-C41-992-A00-993-A00-994-A-,2,149,30094
0,19,20,1.0,0.9230769230769231,0.0,1.0,0.8333333333333334,0.3684210526315789,0.25,0.17977106606946666,0.0,1.0,0.9333333333333333,0.043478260869565216,1.0,0.7358490566037735,20|1034-C41-1078-A01-1122-A00-1166-A00-1210-A00-1254-A-770-A-814-A00-858-A01-902-A00-946-C41-982-A-983-A00-984-A00-985-A01-986-A01-987-A01-988-A01-989-C41-991-C41-992-A00-993-A00-994-A-,2,149,30095
0,19,20,1.0,0.9230769230769231,0.0,1.0,0.8333333333333334,0.3684210526315789,0.25,0.17977106606946666,0.0,1.0,0.9333333333333333,0.043478260869565216,1.0,0.7358490566037735,20|1034-C41-1078-A01-1122-A00-1166-A00-1210-A00-1254-A-770-A-814-A00-858-A01-902-A00-946-C41-982-A-983-A00-984-A00-985-A01-986-A01-987-A01-988-A01-989-C41-991-C41-992-A00-993-A00-994-A-,2,149,30096
0,19,20,1.0,0.9230769230769231,0.0,1.0,0.8333333333333334,0.3684210526315789,0.25,0.17977106606946666,0.0,1.0,0.9333333333333333,0.043478260869565216,1.0,0.7358490566037735,20|1034-C41-1078-A01-1122-A00-1166-A00-1210-A00-1254-A-770-A-814-A00-858-A01-902-A00-946-C41-982-A-983-A00-984-A00-985-A01-986-A01-987-A01-988-A01-989-C41-991-C41-992-A00-993-A00-994-A-,2,149,30097
0,19,20,1.0,0.9230769230769231,0.0,1.0,0.8333333333333334,0.3684210526315789,0.25,0.17977106606946666,0.0,1.0,0.9333333333333333,0.043478260869565216,1.0,0.7358490566037735,20|1034-C41-1078-A01-1122-A00-1166-A00-1210-A00-1254-A-770-A-814-A00-858-A01-902-A00-946-C41-982-A-983-A00-984-A00-985-A01-986-A01-987-A01-988-A01-989-C41-991-C41-992-A00-993-A00-994-A-,2,149,30098
0,19,20,1.0,0.9230769230769231,0.0,1.0,0.8333333333333334,0.3684210526315789,0.25,0.17977106606946666,0.0,1.0,0.9333333333333333,0.043478260869565216,1.0,0.7358490566037735,20|1034-C41-1078-A01-1122-A00-1166-A00-1210-A00-1254-A-770-A-814-A00-858-A01-902-A00-946-C41-982-A-983-A00-984-A00-985-A01-986-A01-987-A01-988-A01-989-C41-991-C41-992-A00-993-A00-994-A-,2,149,30100
0,19,20,1.0,0.9230769230769231,0.0,1.0,0.8333333333333334,0.3684210526315789,0.25,0.17977106606946666,0.0,1.0,0.9333333333333333,0.043478260869565216,1.0,0.7358490566037735,20|1034-C41-1078-A01-1122-A00-1166-A00-1210-A00-1254-A-770-A-814-A00-858-A01-902-A00-946-C41-982-A-983-A00-984-A00-985-A01-986-A01-987-A01-988-A01-989-C41-991-C41-992-A00-993-A00-994-A-,2,149,30099
0,19,20,1.0,0.9230769230769231,0.0,1.0,0.8333333333333334,0.3684210526315789,0.25,0.17977106606946666,0.0,1.0,0.9333333333333333,0.043478260869565216,1.0,0.7358490566037735,20|1034-C41-1078-A01-1122-A00-1166-A00-1210-A00-1254-A-770-A-814-A00-858-A01-902-A00-946-C41-982-A-983-A00-984-A00-985-A01-986-A01-987-A01-988-A01-989-C41-991-C41-992-A00-993-A00-994-A-,2,150,30101
0,19,20,1.0,0.9230769230769231,0.0,1.0,0.8333333333333334,0.3684210526315789,0.25,0.17977106606946666,0.0,1.0,0.9333333333333333,0.043478260869565216,1.0,0.7358490566037735,20|1034-C41-1078-A01-1122-A00-1166-A00-1210-A00-1254-A-770-A-814-A00-858-A01-902-A00-946-C41-982-A-983-A00-984-A00-985-A01-986-A01-987-A01-988-A01-989-C41-991-C41-992-A00-993-A00-994-A-,2,150,30102
0,19,20,1.0,0.9230769230769231,0.0,1.0,0.8333333333333334,0.3684210526315789,0.25,0.17977106606946666,0.0,1.0,0.9333333333333333,0.043478260869565216,1.0,0.7358490566037735,20|1034-C41-1078-A01-1122-A00-1166-A00-1210-A00-1254-A-770-A-814-A00-858-A01-902-A00-946-C41-982-A-983-A00-984-A00-985-A01-986-A01-987-A01-988-A01-989-C41-991-C41-992-A00-993-A00-994-A-,2,150,30103
0,19,20,1.0,0.9230769230769231,0.0,1.0,0.8333333333333334,0.3684210526315789,0.25,0.17977106606946666,0.0,1.0,0.9333333333333333,0.043478260869565216,1.0,0.7358490566037735,20|1034-C41-1078-A01-1122-A00-1166-A00-1210-A00-1254-A-770-A-814-A00-858-A01-902-A00-946-C41-982-A-983-A00-984-A00-985-A01-986-A01-987-A01-988-A01-989-C41-991-C41-992-A00-993-A00-994-A-,2,150,30104
0,19,20,1.0,0.9230769230769231,0.0,1.0,0.8333333333333334,0.3684210526315789,0.25,0.17977106606946666,0.0,1.0,0.9333333333333333,0.043478260869565216,1.0,0.7358490566037735,20|1034-C41-1078-A01-1122-A00-1166-A00-1210-A00-1254-A-770-A-814-A00-858-A01-902-A00-946-C41-982-A-983-A00-984-A00-985-A01-986-A01-987-A01-988-A01-989-C41-991-C41-992-A00-993-A00-994-A-,2,150,30105
0,19,20,1.0,0.9230769230769231,0.0,1.0,0.8333333333333334,0.3684210526315789,0.25,0.17977106606946666,0.0,1.0,0.9333333333333333,0.043478260869565216,1.0,0.7358490566037735,20|1034-C41-1078-A01-1122-A00-1166-A00-1210-A00-1254-A-770-A-814-A00-858-A01-902-A00-946-C41-982-A-983-A00-984-A00-985-A01-986-A01-987-A01-988-A01-989-C41-991-C41-992-A00-993-A00-994-A-,2,150,30106
0,19,20,1.0,0.9230769230769231,0.0,1.0,0.8333333333333334,0.3684210526315789,0.25,0.17977106606946666,0.0,1.0,0.9333333333333333,0.043478260869565216,1.0,0.7358490566037735,20|1034-C41-1078-A01-1122-A00-1166-A00-1210-A00-1254-A-770-A-814-A00-858-A01-902-A00-946-C41-982-A-983-A00-984-A00-985-A01-986-A01-987-A01-988-A01-989-C41-991-C41-992-A00-993-A00-994-A-,2,150,30107
0,19,20,1.0,0.9230769230769231,0.0,1.0,0.8333333333333334,0.3684210526315789,0.25,0.17977106606946666,0.0,1.0,0.9333333333333333,0.043478260869565216,1.0,0.7358490566037735,20|1034-C41-1078-A01-1122-A00-1166-A00-1210-A00-1254-A-770-A-814-A00-858-A01-902-A00-946-C41-982-A-983-A00-984-A00-985-A01-986-A01-987-A01-988-A01-989-C41-991-C41-992-A00-993-A00-994-A-,2,150,30108
0,19,20,1.0,0.9230769230769231,0.0,1.0,0.8333333333333334,0.3684210526315789,0.25,0.17977106606946666,0.0,1.0,0.9333333333333333,0.043478260869565216,1.0,0.7358490566037735,20|1034-C41-1078-A01-1122-A00-1166-A00-1210-A00-1254-A-770-A-814-A00-858-A01-902-A00-946-C41-982-A-983-A00-984-A00-985-A01-986-A01-987-A01-988-A01-989-C41-991-C41-992-A00-993-A00-994-A-,2,150,30109
0,19,20,1.0,0.9230769230769231,0.0,1.0,0.8333333333333334,0.3684210526315789,0.25,0.17977106606946666,0.0,1.0,0.9333333333333333,0.043478260869565216,1.0,0.7358490566037735,20|1034-C41-1078-A01-1122-A00-1166-A00-1210-A00-1254-A-770-A-814-A00-858-A01-902-A00-946-C41-982-A-983-A00-984-A00-985-A01-986-A01-987-A01-988-A01-989-C41-991-C41-992-A00-993-A00-994-A-,2,150,30110
0,19,20,1.0,0.9230769230769231,0.0,1.0,0.8333333333333334,0.3684210526315789,0.25,0.17977106606946666,0.0,1.0,0.9333333333333333,0.043478260869565216,1.0,0.7358490566037735,20|1034-C41-1078-A01-1122-A00-1166-A00-1210-A00-1254-A-770-A-814-A00-858-A01-902-A00-946-C41-982-A-983-A00-984-A00-985-A01-986-A01-987-A01-988-A01-989-C41-991-C41-992-A00-993-A00-994-A-,2,150,30111
0,19,20,1.0,0.9230769230769231,0.0,1.0,0.8333333333333334,0.3684210526315789,0.25,0.17977106606946666,0.0,1.0,0.9333333333333333,0.043478260869565216,1.0,0.7358490566037735,20|1034-C41-1078-A01-1122-A00-1166-A00-1210-A00-1254-A-770-A-814-A00-858-A01-902-A00-946-C41-982-A-983-A00-984-A00-985-A01-986-A01-987-A01-988-A01-989-C41-991-C41-992-A00-993-A00-994-A-,2,150,30112
0,19,20,1.0,0.9230769230769231,0.0,1.0,0.8333333333333334,0.3684210526315789,0.25,0.17977106606946666,0.0,1.0,0.9333333333333333,0.043478260869565216,1.0,0.7358490566037735,20|1034-C41-1078-A01-1122-A00-1166-A00-1210-A00-1254-A-770-A-814-A00-858-A01-902-A00-946-C41-982-A-983-A00-984-A00-985-A01-986-A01-987-A01-988-A01-989-C41-991-C41-992-A00-993-A00-994-A-,2,150,30113
0,19,20,1.0,0.9230769230769231,0.0,1.0,0.8333333333333334,0.3684210526315789,0.25,0.17977106606946666,0.0,1.0,0.9333333333333333,0.043478260869565216,1.0,0.7358490566037735,20|1034-C41-1078-A01-1122-A00-1166-A00-1210-A00-1254-A-770-A-814-A00-858-A01-902-A00-946-C41-982-A-983-A00-984-A00-985-A01-986-A01-987-A01-988-A01-989-C41-991-C41-992-A00-993-A00-994-A-,2,150,30114
0,19,20,1.0,0.9230769230769231,0.0,1.0,0.8333333333333334,0.3684210526315789,0.25,0.17977106606946666,0.0,1.0,0.9333333333333333,0.043478260869565216,1.0,0.7358490566037735,20|1034-C41-1078-A01-1122-A00-1166-A00-1210-A00-1254-A-770-A-814-A00-858-A01-902-A00-946-C41-982-A-983-A00-984-A00-985-A01-986-A01-987-A01-988-A01-989-C41-991-C41-992-A00-993-A00-994-A-,2,150,30115
0,19,20,1.0,0.9230769230769231,0.0,1.0,0.8333333333333334,0.3684210526315789,0.25,0.17977106606946666,0.0,1.0,0.9333333333333333,0.043478260869565216,1.0,0.7358490566037735,20|1034-C41-1078-A01-1122-A00-1166-A00-1210-A00-1254-A-770-A-814-A00-858-A01-902-A00-946-C41-982-A-983-A00-984-A00-985-A01-986-A01-987-A01-988-A01-989-C41-991-C41-992-A00-993-A00-994-A-,2,150,30116
0,19,20,1.0,0.9230769230769231,0.0,1.0,0.8333333333333334,0.3684210526315789,0.25,0.17977106606946666,0.0,1.0,0.9333333333333333,0.043478260869565216,1.0,0.7358490566037735,20|1034-C41-1078-A01-1122-A00-1166-A00-1210-A00-1254-A-770-A-814-A00-858-A01-902-A00-946-C41-982-A-983-A00-984-A00-985-A01-986-A01-987-A01-988-A01-989-C41-991-C41-992-A00-993-A00-994-A-,2,150,30117
0,19,20,1.0,0.9230769230769231,0.0,1.0,0.8333333333333334,0.3684210526315789,0.25,0.17977106606946666,0.0,1.0,0.9333333333333333,0.043478260869565216,1.0,0.7358490566037735,20|1034-C41-1078-A01-1122-A00-1166-A00-1210-A00-1254-A-770-A-814-A00-858-A01-902-A00-946-C41-982-A-983-A00-984-A00-985-A01-986-A01-987-A01-988-A01-989-C41-991-C41-992-A00-993-A00-994-A-,2,150,30118
0,19,20,1.0,0.9230769230769231,0.0,1.0,0.8333333333333334,0.3684210526315789,0.25,0.17977106606946666,0.0,1.0,0.9333333333333333,0.043478260869565216,1.0,0.7358490566037735,20|1034-C41-1078-A01-1122-A00-1166-A00-1210-A00-1254-A-770-A-814-A00-858-A01-902-A00-946-C41-982-A-983-A00-984-A00-985-A01-986-A01-987-A01-988-A01-989-C41-991-C41-992-A00-993-A00-994-A-,2,150,30119
0,19,20,1.0,0.9230769230769231,0.0,1.0,0.8333333333333334,0.3684210526315789,0.25,0.17977106606946666,0.0,1.0,0.9333333333333333,0.043478260869565216,1.0,0.7358490566037735,20|1034-C41-1078-A01-1122-A00-1166-A00-1210-A00-1254-A-770-A-814-A00-858-A01-902-A00-946-C41-982-A-983-A00-984-A00-985-A01-986-A01-987-A01-988-A01-989-C41-991-C41-992-A00-993-A00-994-A-,2,150,30120
0,19,20,1.0,0.9230769230769231,0.0,1.0,0.8333333333333334,0.3684210526315789,0.25,0.17977106606946666,0.0,1.0,0.9333333333333333,0.043478260869565216,1.0,0.7358490566037735,20|1034-C41-1078-A01-1122-A00-1166-A00-1210-A00-1254-A-770-A-814-A00-858-A01-902-A00-946-C41-982-A-983-A00-984-A00-985-A01-986-A01-987-A01-988-A01-989-C41-991-C41-992-A00-993-A00-994-A-,2,150,30121
0,19,20,1.0,0.9230769230769231,0.0,1.0,0.8333333333333334,0.3684210526315789,0.25,0.17977106606946666,0.0,1.0,0.9333333333333333,0.043478260869565216,1.0,0.7358490566037735,20|1034-C41-1078-A01-1122-A00-1166-A00-1210-A00-1254-A-770-A-814-A00-858-A01-902-A00-946-C41-982-A-983-A00-984-A00-985-A01-986-A01-987-A01-988-A01-989-C41-991-C41-992-A00-993-A00-994-A-,2,150,30122
0,19,20,1.0,0.9230769230769231,0.0,1.0,0.8333333333333334,0.3684210526315789,0.25,0.17977106606946666,0.0,1.0,0.9333333333333333,0.043478260869565216,1.0,0.7358490566037735,20|1034-C41-1078-A01-1122-A00-1166-A00-1210-A00-1254-A-770-A-814-A00-858-A01-902-A00-946-C41-982-A-983-A00-984-A00-985-A01-986-A01-987-A01-988-A01-989-C41-991-C41-992-A00-993-A00-994-A-,2,150,30123
0,19,20,1.0,0.9230769230769231,0.0,1.0,0.8333333333333334,0.3684210526315789,0.25,0.17977106606946666,0.0,1.0,0.9333333333333333,0.043478260869565216,1.0,0.7358490566037735,20|1034-C41-1078-A01-1122-A00-1166-A00-1210-A00-1254-A-770-A-814-A00-858-A01-902-A00-946-C41-982-A-983-A00-984-A00-985-A01-986-A01-987-A01-988-A01-989-C41-991-C41-992-A00-993-A00-994-A-,2,150,30124
0,19,20,1.0,0.9230769230769231,0.0,1.0,0.8333333333333334,0.3684210526315789,0.25,0.17977106606946666,0.0,1.0,0.9333333333333333,0.043478260869565216,1.0,0.7358490566037735,20|1034-C41-1078-A01-1122-A00-1166-A00-1210-A00-1254-A-770-A-814-A00-858-A01-902-A00-946-C41-982-A-983-A00-984-A00-985-A01-986-A01-987-A01-988-A01-989-C41-991-C41-992-A00-993-A00-994-A-,2,150,30125
0,19,20,1.0,0.9230769230769231,0.0,1.0,0.8333333333333334,0.3684210526315789,0.25,0.17977106606946666,0.0,1.0,0.9333333333333333,0.043478260869565216,1.0,0.7358490566037735,20|1034-C41-1078-A01-1122-A00-1166-A00-1210-A00-1254-A-770-A-814-A00-858-A01-902-A00-946-C41-982-A-983-A00-984-A00-985-A01-986-A01-987-A01-988-A01-989-C41-991-C41-992-A00-993-A00-994-A-,2,150,30126
0,19,20,1.0,0.9230769230769231,0.0,1.0,0.8333333333333334,0.3684210526315789,0.25,0.17977106606946666,0.0,1.0,0.9333333333333333,0.043478260869565216,1.0,0.7358490566037735,20|1034-C41-1078-A01-1122-A00-1166-A00-1210-A00-1254-A-770-A-814-A00-858-A01-902-A00-946-C41-982-A-983-A00-984-A00-985-A01-986-A01-987-A01-988-A01-989-C41-991-C41-992-A00-993-A00-994-A-,2,150,30127
0,19,20,1.0,0.9230769230769231,0.0,1.0,0.8333333333333334,0.3684210526315789,0.25,0.17977106606946666,0.0,1.0,0.9333333333333333,0.043478260869565216,1.0,0.7358490566037735,20|1034-C41-1078-A01-1122-A00-1166-A00-1210-A00-1254-A-770-A-814-A00-858-A01-902-A00-946-C41-982-A-983-A00-984-A00-985-A01-986-A01-987-A01-988-A01-989-C41-991-C41-992-A00-993-A00-994-A-,2,150,30128
0,19,20,1.0,0.9230769230769231,0.0,1.0,0.8333333333333334,0.3684210526315789,0.25,0.17977106606946666,0.0,1.0,0.9333333333333333,0.043478260869565216,1.0,0.7358490566037735,20|1034-C41-1078-A01-1122-A00-1166-A00-1210-A00-1254-A-770-A-814-A00-858-A01-902-A00-946-C41-982-A-983-A00-984-A00-985-A01-986-A01-987-A01-988-A01-989-C41-991-C41-992-A00-993-A00-994-A-,2,150,30129
0,19,20,1.0,0.9230769230769231,0.0,1.0,0.8333333333333334,0.3684210526315789,0.25,0.17977106606946666,0.0,1.0,0.9333333333333333,0.043478260869565216,1.0,0.7358490566037735,20|1034-C41-1078-A01-1122-A00-1166-A00-1210-A00-1254-A-770-A-814-A00-858-A01-902-A00-946-C41-982-A-983-A00-984-A00-985-A01-986-A01-987-A01-988-A01-989-C41-991-C41-992-A00-993-A00-994-A-,2,150,30130
0,19,20,1.0,0.9230769230769231,0.0,1.0,0.8333333333333334,0.3684210526315789,0.25,0.17977106606946666,0.0,1.0,0.9333333333333333,0.043478260869565216,1.0,0.7358490566037735,20|1034-C41-1078-A01-1122-A00-1166-A00-1210-A00-1254-A-770-A-814-A00-858-A01-902-A00-946-C41-982-A-983-A00-984-A00-985-A01-986-A01-987-A01-988-A01-989-C41-991-C41-992-A00-993-A00-994-A-,2,150,30131
0,19,20,1.0,0.9230769230769231,0.0,1.0,0.8333333333333334,0.3684210526315789,0.25,0.17977106606946666,0.0,1.0,0.9333333333333333,0.043478260869565216,1.0,0.7358490566037735,20|1034-C41-1078-A01-1122-A00-1166-A00-1210-A00-1254-A-770-A-814-A00-858-A01-902-A00-946-C41-982-A-983-A00-984-A00-985-A01-986-A01-987-A01-988-A01-989-C41-991-C41-992-A00-993-A00-994-A-,2,150,30132
0,19,20,1.0,0.9230769230769231,0.0,1.0,0.8333333333333334,0.3684210526315789,0.25,0.17977106606946666,0.0,1.0,0.9333333333333333,0.043478260869565216,1.0,0.7358490566037735,20|1034-C41-1078-A01-1122-A00-1166-A00-1210-A00-1254-A-770-A-814-A00-858-A01-902-A00-946-C41-982-A-983-A00-984-A00-985-A01-986-A01-987-A01-988-A01-989-C41-991-C41-992-A00-993-A00-994-A-,2,150,30133
0,19,20,1.0,0.9230769230769231,0.0,1.0,0.8333333333333334,0.3684210526315789,0.25,0.17977106606946666,0.0,1.0,0.9333333333333333,0.043478260869565216,1.0,0.7358490566037735,20|1034-C41-1078-A01-1122-A00-1166-A00-1210-A00-1254-A-770-A-814-A00-858-A01-902-A00-946-C41-982-A-983-A00-984-A00-985-A01-986-A01-987-A01-988-A01-989-C41-991-C41-992-A00-993-A00-994-A-,2,150,30134
0,19,20,1.0,0.9230769230769231,0.0,1.0,0.8333333333333334,0.3684210526315789,0.25,0.17977106606946666,0.0,1.0,0.9333333333333333,0.043478260869565216,1.0,0.7358490566037735,20|1034-C41-1078-A01-1122-A00-1166-A00-1210-A00-1254-A-770-A-814-A00-858-A01-902-A00-946-C41-982-A-983-A00-984-A00-985-A01-986-A01-987-A01-988-A01-989-C41-991-C41-992-A00-993-A00-994-A-,2,150,30135
0,19,20,1.0,0.9230769230769231,0.0,1.0,0.8333333333333334,0.3684210526315789,0.25,0.17977106606946666,0.0,1.0,0.9333333333333333,0.043478260869565216,1.0,0.7358490566037735,20|1034-C41-1078-A01-1122-A00-1166-A00-1210-A00-1254-A-770-A-814-A00-858-A01-902-A00-946-C41-982-A-983-A00-984-A00-985-A01-986-A01-987-A01-988-A01-989-C41-991-C41-992-A00-993-A00-994-A-,2,150,30136
0,19,20,1.0,0.9230769230769231,0.0,1.0,0.8333333333333334,0.3684210526315789,0.25,0.17977106606946666,0.0,1.0,0.9333333333333333,0.043478260869565216,1.0,0.7358490566037735,20|1034-C41-1078-A01-1122-A00-1166-A00-1210-A00-1254-A-770-A-814-A00-858-A01-902-A00-946-C41-982-A-983-A00-984-A00-985-A01-986-A01-987-A01-988-A01-989-C41-991-C41-992-A00-993-A00-994-A-,2,150,30137
0,19,20,1.0,0.9230769230769231,0.0,1.0,0.8333333333333334,0.3684210526315789,0.25,0.17977106606946666,0.0,1.0,0.9333333333333333,0.043478260869565216,1.0,0.7358490566037735,20|1034-C41-1078-A01-1122-A00-1166-A00-1210-A00-1254-A-770-A-814-A00-858-A01-902-A00-946-C41-982-A-983-A00-984-A00-985-A01-986-A01-987-A01-988-A01-989-C41-991-C41-992-A00-993-A00-994-A-,2,150,30138
0,19,20,1.0,0.9230769230769231,0.0,1.0,0.8333333333333334,0.3684210526315789,0.25,0.17977106606946666,0.0,1.0,0.9333333333333333,0.043478260869565216,1.0,0.7358490566037735,20|1034-C41-1078-A01-1122-A00-1166-A00-1210-A00-1254-A-770-A-814-A00-858-A01-902-A00-946-C41-982-A-983-A00-984-A00-985-A01-986-A01-987-A01-988-A01-989-C41-991-C41-992-A00-993-A00-994-A-,2,150,30139
0,19,20,1.0,0.9230769230769231,0.0,1.0,0.8333333333333334,0.3684210526315789,0.25,0.17977106606946666,0.0,1.0,0.9333333333333333,0.043478260869565216,1.0,0.7358490566037735,20|1034-C41-1078-A01-1122-A00-1166-A00-1210-A00-1254-A-770-A-814-A00-858-A01-902-A00-946-C41-982-A-983-A00-984-A00-985-A01-986-A01-987-A01-988-A01-989-C41-991-C41-992-A00-993-A00-994-A-,2,150,30140
0,19,20,1.0,0.9230769230769231,0.0,1.0,0.8333333333333334,0.3684210526315789,0.25,0.17977106606946666,0.0,1.0,0.9333333333333333,0.043478260869565216,1.0,0.7358490566037735,20|1034-C41-1078-A01-1122-A00-1166-A00-1210-A00-1254-A-770-A-814-A00-858-A01-902-A00-946-C41-982-A-983-A00-984-A00-985-A01-986-A01-987-A01-988-A01-989-C41-991-C41-992-A00-993-A00-994-A-,2,150,30141
0,19,20,1.0,0.9230769230769231,0.0,1.0,0.8333333333333334,0.3684210526315789,0.25,0.17977106606946666,0.0,1.0,0.9333333333333333,0.043478260869565216,1.0,0.7358490566037735,20|1034-C41-1078-A01-1122-A00-1166-A00-1210-A00-1254-A-770-A-814-A00-858-A01-902-A00-946-C41-982-A-983-A00-984-A00-985-A01-986-A01-987-A01-988-A01-989-C41-991-C41-992-A00-993-A00-994-A-,2,150,30142
0,19,20,1.0,0.9230769230769231,0.0,1.0,0.8333333333333334,0.3684210526315789,0.25,0.17977106606946666,0.0,1.0,0.9333333333333333,0.043478260869565216,1.0,0.7358490566037735,20|1034-C41-1078-A01-1122-A00-1166-A00-1210-A00-1254-A-770-A-814-A00-858-A01-902-A00-946-C41-982-A-983-A00-984-A00-985-A01-986-A01-987-A01-988-A01-989-C41-991-C41-992-A00-993-A00-994-A-,2,150,30143
0,19,20,1.0,0.9230769230769231,0.0,1.0,0.8333333333333334,0.3684210526315789,0.25,0.17977106606946666,0.0,1.0,0.9333333333333333,0.043478260869565216,1.0,0.7358490566037735,20|1034-C41-1078-A01-1122-A00-1166-A00-1210-A00-1254-A-770-A-814-A00-858-A01-902-A00-946-C41-982-A-983-A00-984-A00-985-A01-986-A01-987-A01-988-A01-989-C41-991-C41-992-A00-993-A00-994-A-,2,150,30144
0,19,20,1.0,0.9230769230769231,0.0,1.0,0.8333333333333334,0.3684210526315789,0.25,0.17977106606946666,0.0,1.0,0.9333333333333333,0.043478260869565216,1.0,0.7358490566037735,20|1034-C41-1078-A01-1122-A00-1166-A00-1210-A00-1254-A-770-A-814-A00-858-A01-902-A00-946-C41-982-A-983-A00-984-A00-985-A01-986-A01-987-A01-988-A01-989-C41-991-C41-992-A00-993-A00-994-A-,2,150,30145
0,19,20,1.0,0.9230769230769231,0.0,1.0,0.8333333333333334,0.3684210526315789,0.25,0.17977106606946666,0.0,1.0,0.9333333333333333,0.043478260869565216,1.0,0.7358490566037735,20|1034-C41-1078-A01-1122-A00-1166-A00-1210-A00-1254-A-770-A-814-A00-858-A01-902-A00-946-C41-982-A-983-A00-984-A00-985-A01-986-A01-987-A01-988-A01-989-C41-991-C41-992-A00-993-A00-994-A-,2,150,30146
0,19,20,1.0,0.9230769230769231,0.0,1.0,0.8333333333333334,0.3684210526315789,0.25,0.17977106606946666,0.0,1.0,0.9333333333333333,0.043478260869565216,1.0,0.7358490566037735,20|1034-C41-1078-A01-1122-A00-1166-A00-1210-A00-1254-A-770-A-814-A00-858-A01-902-A00-946-C41-982-A-983-A00-984-A00-985-A01-986-A01-987-A01-988-A01-989-C41-991-C41-992-A00-993-A00-994-A-,2,150,30147
0,19,20,1.0,0.9230769230769231,0.0,1.0,0.8333333333333334,0.3684210526315789,0.25,0.17977106606946666,0.0,1.0,0.9333333333333333,0.043478260869565216,1.0,0.7358490566037735,20|1034-C41-1078-A01-1122-A00-1166-A00-1210-A00-1254-A-770-A-814-A00-858-A01-902-A00-946-C41-982-A-983-A00-984-A00-985-A01-986-A01-987-A01-988-A01-989-C41-991-C41-992-A00-993-A00-994-A-,2,150,30148
0,19,20,1.0,0.9230769230769231,0.0,1.0,0.8333333333333334,0.3684210526315789,0.25,0.17977106606946666,0.0,1.0,0.9333333333333333,0.043478260869565216,1.0,0.7358490566037735,20|1034-C41-1078-A01-1122-A00-1166-A00-1210-A00-1254-A-770-A-814-A00-858-A01-902-A00-946-C41-982-A-983-A00-984-A00-985-A01-986-A01-987-A01-988-A01-989-C41-991-C41-992-A00-993-A00-994-A-,2,150,30149
0,19,20,1.0,0.9230769230769231,0.0,1.0,0.8333333333333334,0.3684210526315789,0.25,0.17977106606946666,0.0,1.0,0.9333333333333333,0.043478260869565216,1.0,0.7358490566037735,20|1034-C41-1078-A01-1122-A00-1166-A00-1210-A00-1254-A-770-A-814-A00-858-A01-902-A00-946-C41-982-A-983-A00-984-A00-985-A01-986-A01-987-A01-988-A01-989-C41-991-C41-992-A00-993-A00-994-A-,2,150,30150
0,19,20,1.0,0.9230769230769231,0.0,1.0,0.8333333333333334,0.3684210526315789,0.25,0.17977106606946666,0.0,1.0,0.9333333333333333,0.043478260869565216,1.0,0.7358490566037735,20|1034-C41-1078-A01-1122-A00-1166-A00-1210-A00-1254-A-770-A-814-A00-858-A01-902-A00-946-C41-982-A-983-A00-984-A00-985-A01-986-A01-987-A01-988-A01-989-C41-991-C41-992-A00-993-A00-994-A-,2,150,30151
0,19,20,1.0,0.9230769230769231,0.0,1.0,0.8333333333333334,0.3684210526315789,0.25,0.17977106606946666,0.0,1.0,0.9333333333333333,0.043478260869565216,1.0,0.7358490566037735,20|1034-C41-1078-A01-1122-A00-1166-A00-1210-A00-1254-A-770-A-814-A00-858-A01-902-A00-946-C41-982-A-983-A00-984-A00-985-A01-986-A01-987-A01-988-A01-989-C41-991-C41-992-A00-993-A00-994-A-,2,150,30152
0,19,20,1.0,0.9230769230769231,0.0,1.0,0.8333333333333334,0.3684210526315789,0.25,0.17977106606946666,0.0,1.0,0.9333333333333333,0.043478260869565216,1.0,0.7358490566037735,20|1034-C41-1078-A01-1122-A00-1166-A00-1210-A00-1254-A-770-A-814-A00-858-A01-902-A00-946-C41-982-A-983-A00-984-A00-985-A01-986-A01-987-A01-988-A01-989-C41-991-C41-992-A00-993-A00-994-A-,2,150,30153
0,19,20,1.0,0.9230769230769231,0.0,1.0,0.8333333333333334,0.3684210526315789,0.25,0.17977106606946666,0.0,1.0,0.9333333333333333,0.043478260869565216,1.0,0.7358490566037735,20|1034-C41-1078-A01-1122-A00-1166-A00-1210-A00-1254-A-770-A-814-A00-858-A01-902-A00-946-C41-982-A-983-A00-984-A00-985-A01-986-A01-987-A01-988-A01-989-C41-991-C41-992-A00-993-A00-994-A-,2,150,30154
0,19,20,1.0,0.9230769230769231,0.0,1.0,0.8333333333333334,0.3684210526315789,0.25,0.17977106606946666,0.0,1.0,0.9333333333333333,0.043478260869565216,1.0,0.7358490566037735,20|1034-C41-1078-A01-1122-A00-1166-A00-1210-A00-1254-A-770-A-814-A00-858-A01-902-A00-946-C41-982-A-983-A00-984-A00-985-A01-986-A01-987-A01-988-A01-989-C41-991-C41-992-A00-993-A00-994-A-,2,150,30155
0,19,20,1.0,0.9230769230769231,0.0,1.0,0.8333333333333334,0.3684210526315789,0.25,0.17977106606946666,0.0,1.0,0.9333333333333333,0.043478260869565216,1.0,0.7358490566037735,20|1034-C41-1078-A01-1122-A00-1166-A00-1210-A00-1254-A-770-A-814-A00-858-A01-902-A00-946-C41-982-A-983-A00-984-A00-985-A01-986-A01-987-A01-988-A01-989-C41-991-C41-992-A00-993-A00-994-A-,2,150,30156
0,19,20,1.0,0.9230769230769231,0.0,1.0,0.8333333333333334,0.3684210526315789,0.25,0.17977106606946666,0.0,1.0,0.9333333333333333,0.043478260869565216,1.0,0.7358490566037735,20|1034-C41-1078-A01-1122-A00-1166-A00-1210-A00-1254-A-770-A-814-A00-858-A01-902-A00-946-C41-982-A-983-A00-984-A00-985-A01-986-A01-987-A01-988-A01-989-C41-991-C41-992-A00-993-A00-994-A-,2,150,30157
0,19,20,1.0,0.9230769230769231,0.0,1.0,0.8333333333333334,0.3684210526315789,0.25,0.17977106606946666,0.0,1.0,0.9333333333333333,0.043478260869565216,1.0,0.7358490566037735,20|1034-C41-1078-A01-1122-A00-1166-A00-1210-A00-1254-A-770-A-814-A00-858-A01-902-A00-946-C41-982-A-983-A00-984-A00-985-A01-986-A01-987-A01-988-A01-989-C41-991-C41-992-A00-993-A00-994-A-,2,150,30158
0,19,20,1.0,0.9230769230769231,0.0,1.0,0.8333333333333334,0.3684210526315789,0.25,0.17977106606946666,0.0,1.0,0.9333333333333333,0.043478260869565216,1.0,0.7358490566037735,20|1034-C41-1078-A01-1122-A00-1166-A00-1210-A00-1254-A-770-A-814-A00-858-A01-902-A00-946-C41-982-A-983-A00-984-A00-985-A01-986-A01-987-A01-988-A01-989-C41-991-C41-992-A00-993-A00-994-A-,2,150,30159
0,19,20,1.0,0.9230769230769231,0.0,1.0,0.8333333333333334,0.3684210526315789,0.25,0.17977106606946666,0.0,1.0,0.9333333333333333,0.043478260869565216,1.0,0.7358490566037735,20|1034-C41-1078-A01-1122-A00-1166-A00-1210-A00-1254-A-770-A-814-A00-858-A01-902-A00-946-C41-982-A-983-A00-984-A00-985-A01-986-A01-987-A01-988-A01-989-C41-991-C41-992-A00-993-A00-994-A-,2,150,30160
0,19,20,1.0,0.9230769230769231,0.0,1.0,0.8333333333333334,0.3684210526315789,0.25,0.17977106606946666,0.0,1.0,0.9333333333333333,0.043478260869565216,1.0,0.7358490566037735,20|1034-C41-1078-A01-1122-A00-1166-A00-1210-A00-1254-A-770-A-814-A00-858-A01-902-A00-946-C41-982-A-983-A00-984-A00-985-A01-986-A01-987-A01-988-A01-989-C41-991-C41-992-A00-993-A00-994-A-,2,150,30161
0,19,20,1.0,0.9230769230769231,0.0,1.0,0.8333333333333334,0.3684210526315789,0.25,0.17977106606946666,0.0,1.0,0.9333333333333333,0.043478260869565216,1.0,0.7358490566037735,20|1034-C41-1078-A01-1122-A00-1166-A00-1210-A00-1254-A-770-A-814-A00-858-A01-902-A00-946-C41-982-A-983-A00-984-A00-985-A01-986-A01-987-A01-988-A01-989-C41-991-C41-992-A00-993-A00-994-A-,2,150,30162
0,19,20,1.0,0.9230769230769231,0.0,1.0,0.8333333333333334,0.3684210526315789,0.25,0.17977106606946666,0.0,1.0,0.9333333333333333,0.043478260869565216,1.0,0.7358490566037735,20|1034-C41-1078-A01-1122-A00-1166-A00-1210-A00-1254-A-770-A-814-A00-858-A01-902-A00-946-C41-982-A-983-A00-984-A00-985-A01-986-A01-987-A01-988-A01-989-C41-991-C41-992-A00-993-A00-994-A-,2,150,30163
0,19,20,1.0,0.9230769230769231,0.0,1.0,0.8333333333333334,0.3684210526315789,0.25,0.17977106606946666,0.0,1.0,0.9333333333333333,0.043478260869565216,1.0,0.7358490566037735,20|1034-C41-1078-A01-1122-A00-1166-A00-1210-A00-1254-A-770-A-814-A00-858-A01-902-A00-946-C41-982-A-983-A00-984-A00-985-A01-986-A01-987-A01-988-A01-989-C41-991-C41-992-A00-993-A00-994-A-,2,150,30164
0,19,20,1.0,0.9230769230769231,0.0,1.0,0.8333333333333334,0.3684210526315789,0.25,0.17977106606946666,0.0,1.0,0.9333333333333333,0.043478260869565216,1.0,0.7358490566037735,20|1034-C41-1078-A01-1122-A00-1166-A00-1210-A00-1254-A-770-A-814-A00-858-A01-902-A00-946-C41-982-A-983-A00-984-A00-985-A01-986-A01-987-A01-988-A01-989-C41-991-C41-992-A00-993-A00-994-A-,2,150,30165
0,19,20,1.0,0.9230769230769231,0.0,1.0,0.8333333333333334,0.3684210526315789,0.25,0.17977106606946666,0.0,1.0,0.9333333333333333,0.043478260869565216,1.0,0.7358490566037735,20|1034-C41-1078-A01-1122-A00-1166-A00-1210-A00-1254-A-770-A-814-A00-858-A01-902-A00-946-C41-982-A-983-A00-984-A00-985-A01-986-A01-987-A01-988-A01-989-C41-991-C41-992-A00-993-A00-994-A-,2,150,30166
0,19,20,1.0,0.9230769230769231,0.0,1.0,0.8333333333333334,0.3684210526315789,0.25,0.17977106606946666,0.0,1.0,0.9333333333333333,0.043478260869565216,1.0,0.7358490566037735,20|1034-C41-1078-A01-1122-A00-1166-A00-1210-A00-1254-A-770-A-814-A00-858-A01-902-A00-946-C41-982-A-983-A00-984-A00-985-A01-986-A01-987-A01-988-A01-989-C41-991-C41-992-A00-993-A00-994-A-,2,150,30167
0,19,20,1.0,0.9230769230769231,0.0,1.0,0.8333333333333334,0.3684210526315789,0.25,0.17977106606946666,0.0,1.0,0.9333333333333333,0.043478260869565216,1.0,0.7358490566037735,20|1034-C41-1078-A01-1122-A00-1166-A00-1210-A00-1254-A-770-A-814-A00-858-A01-902-A00-946-C41-982-A-983-A00-984-A00-985-A01-986-A01-987-A01-988-A01-989-C41-991-C41-992-A00-993-A00-994-A-,2,150,30168
0,19,20,1.0,0.9230769230769231,0.0,1.0,0.8333333333333334,0.3684210526315789,0.25,0.17977106606946666,0.0,1.0,0.9333333333333333,0.043478260869565216,1.0,0.7358490566037735,20|1034-C41-1078-A01-1122-A00-1166-A00-1210-A00-1254-A-770-A-814-A00-858-A01-902-A00-946-C41-982-A-983-A00-984-A00-985-A01-986-A01-987-A01-988-A01-989-C41-991-C41-992-A00-993-A00-994-A-,2,150,30169
0,19,20,1.0,0.9230769230769231,0.0,1.0,0.8333333333333334,0.3684210526315789,0.25,0.17977106606946666,0.0,1.0,0.9333333333333333,0.043478260869565216,1.0,0.7358490566037735,20|1034-C41-1078-A01-1122-A00-1166-A00-1210-A00-1254-A-770-A-814-A00-858-A01-902-A00-946-C41-982-A-983-A00-984-A00-985-A01-986-A01-987-A01-988-A01-989-C41-991-C41-992-A00-993-A00-994-A-,2,150,30170
0,19,20,1.0,0.9230769230769231,0.0,1.0,0.8333333333333334,0.3684210526315789,0.25,0.17977106606946666,0.0,1.0,0.9333333333333333,0.043478260869565216,1.0,0.7358490566037735,20|1034-C41-1078-A01-1122-A00-1166-A00-1210-A00-1254-A-770-A-814-A00-858-A01-902-A00-946-C41-982-A-983-A00-984-A00-985-A01-986-A01-987-A01-988-A01-989-C41-991-C41-992-A00-993-A00-994-A-,2,150,30171
0,19,20,1.0,0.9230769230769231,0.0,1.0,0.8333333333333334,0.3684210526315789,0.25,0.17977106606946666,0.0,1.0,0.9333333333333333,0.043478260869565216,1.0,0.7358490566037735,20|1034-C41-1078-A01-1122-A00-1166-A00-1210-A00-1254-A-770-A-814-A00-858-A01-902-A00-946-C41-982-A-983-A00-984-A00-985-A01-986-A01-987-A01-988-A01-989-C41-991-C41-992-A00-993-A00-994-A-,2,150,30172
0,19,20,1.0,0.9230769230769231,0.0,1.0,0.8333333333333334,0.3684210526315789,0.25,0.17977106606946666,0.0,1.0,0.9333333333333333,0.043478260869565216,1.0,0.7358490566037735,20|1034-C41-1078-A01-1122-A00-1166-A00-1210-A00-1254-A-770-A-814-A00-858-A01-902-A00-946-C41-982-A-983-A00-984-A00-985-A01-986-A01-987-A01-988-A01-989-C41-991-C41-992-A00-993-A00-994-A-,2,150,30173
0,19,20,1.0,0.9230769230769231,0.0,1.0,0.8333333333333334,0.3684210526315789,0.25,0.17977106606946666,0.0,1.0,0.9333333333333333,0.043478260869565216,1.0,0.7358490566037735,20|1034-C41-1078-A01-1122-A00-1166-A00-1210-A00-1254-A-770-A-814-A00-858-A01-902-A00-946-C41-982-A-983-A00-984-A00-985-A01-986-A01-987-A01-988-A01-989-C41-991-C41-992-A00-993-A00-994-A-,2,150,30174
0,19,20,1.0,0.9230769230769231,0.0,1.0,0.8333333333333334,0.3684210526315789,0.25,0.17977106606946666,0.0,1.0,0.9333333333333333,0.043478260869565216,1.0,0.7358490566037735,20|1034-C41-1078-A01-1122-A00-1166-A00-1210-A00-1254-A-770-A-814-A00-858-A01-902-A00-946-C41-982-A-983-A00-984-A00-985-A01-986-A01-987-A01-988-A01-989-C41-991-C41-992-A00-993-A00-994-A-,2,150,30175
0,19,20,1.0,0.9230769230769231,0.0,1.0,0.8333333333333334,0.3684210526315789,0.25,0.17977106606946666,0.0,1.0,0.9333333333333333,0.043478260869565216,1.0,0.7358490566037735,20|1034-C41-1078-A01-1122-A00-1166-A00-1210-A00-1254-A-770-A-814-A00-858-A01-902-A00-946-C41-982-A-983-A00-984-A00-985-A01-986-A01-987-A01-988-A01-989-C41-991-C41-992-A00-993-A00-994-A-,2,150,30176
0,19,20,1.0,0.9230769230769231,0.0,1.0,0.8333333333333334,0.3684210526315789,0.25,0.17977106606946666,0.0,1.0,0.9333333333333333,0.043478260869565216,1.0,0.7358490566037735,20|1034-C41-1078-A01-1122-A00-1166-A00-1210-A00-1254-A-770-A-814-A00-858-A01-902-A00-946-C41-982-A-983-A00-984-A00-985-A01-986-A01-987-A01-988-A01-989-C41-991-C41-992-A00-993-A00-994-A-,2,150,30177
0,19,20,1.0,0.9230769230769231,0.0,1.0,0.8333333333333334,0.3684210526315789,0.25,0.17977106606946666,0.0,1.0,0.9333333333333333,0.043478260869565216,1.0,0.7358490566037735,20|1034-C41-1078-A01-1122-A00-1166-A00-1210-A00-1254-A-770-A-814-A00-858-A01-902-A00-946-C41-982-A-983-A00-984-A00-985-A01-986-A01-987-A01-988-A01-989-C41-991-C41-992-A00-993-A00-994-A-,2,150,30178
0,19,20,1.0,0.9230769230769231,0.0,1.0,0.8333333333333334,0.3684210526315789,0.25,0.17977106606946666,0.0,1.0,0.9333333333333333,0.043478260869565216,1.0,0.7358490566037735,20|1034-C41-1078-A01-1122-A00-1166-A00-1210-A00-1254-A-770-A-814-A00-858-A01-902-A00-946-C41-982-A-983-A00-984-A00-985-A01-986-A01-987-A01-988-A01-989-C41-991-C41-992-A00-993-A00-994-A-,2,150,30179
0,19,20,1.0,0.9230769230769231,0.0,1.0,0.8333333333333334,0.3684210526315789,0.25,0.17977106606946666,0.0,1.0,0.9333333333333333,0.043478260869565216,1.0,0.7358490566037735,20|1034-C41-1078-A01-1122-A00-1166-A00-1210-A00-1254-A-770-A-814-A00-858-A01-902-A00-946-C41-982-A-983-A00-984-A00-985-A01-986-A01-987-A01-988-A01-989-C41-991-C41-992-A00-993-A00-994-A-,2,150,30180
0,19,20,1.0,0.9230769230769231,0.0,1.0,0.8333333333333334,0.3684210526315789,0.25,0.17977106606946666,0.0,1.0,0.9333333333333333,0.043478260869565216,1.0,0.7358490566037735,20|1034-C41-1078-A01-1122-A00-1166-A00-1210-A00-1254-A-770-A-814-A00-858-A01-902-A00-946-C41-982-A-983-A00-984-A00-985-A01-986-A01-987-A01-988-A01-989-C41-991-C41-992-A00-993-A00-994-A-,2,150,30181
0,19,20,1.0,0.9230769230769231,0.0,1.0,0.8333333333333334,0.3684210526315789,0.25,0.17977106606946666,0.0,1.0,0.9333333333333333,0.043478260869565216,1.0,0.7358490566037735,20|1034-C41-1078-A01-1122-A00-1166-A00-1210-A00-1254-A-770-A-814-A00-858-A01-902-A00-946-C41-982-A-983-A00-984-A00-985-A01-986-A01-987-A01-988-A01-989-C41-991-C41-992-A00-993-A00-994-A-,2,150,30182
0,19,20,1.0,0.9230769230769231,0.0,1.0,0.8333333333333334,0.3684210526315789,0.25,0.17977106606946666,0.0,1.0,0.9333333333333333,0.043478260869565216,1.0,0.7358490566037735,20|1034-C41-1078-A01-1122-A00-1166-A00-1210-A00-1254-A-770-A-814-A00-858-A01-902-A00-946-C41-982-A-983-A00-984-A00-985-A01-986-A01-987-A01-988-A01-989-C41-991-C41-992-A00-993-A00-994-A-,2,150,30183
0,19,20,1.0,0.9230769230769231,0.0,1.0,0.8333333333333334,0.3684210526315789,0.25,0.17977106606946666,0.0,1.0,0.9333333333333333,0.043478260869565216,1.0,0.7358490566037735,20|1034-C41-1078-A01-1122-A00-1166-A00-1210-A00-1254-A-770-A-814-A00-858-A01-902-A00-946-C41-982-A-983-A00-984-A00-985-A01-986-A01-987-A01-988-A01-989-C41-991-C41-992-A00-993-A00-994-A-,2,150,30184
0,19,20,1.0,0.9230769230769231,0.0,1.0,0.8333333333333334,0.3684210526315789,0.25,0.17977106606946666,0.0,1.0,0.9333333333333333,0.043478260869565216,1.0,0.7358490566037735,20|1034-C41-1078-A01-1122-A00-1166-A00-1210-A00-1254-A-770-A-814-A00-858-A01-902-A00-946-C41-982-A-983-A00-984-A00-985-A01-986-A01-987-A01-988-A01-989-C41-991-C41-992-A00-993-A00-994-A-,2,150,30185
0,19,20,1.0,0.9230769230769231,0.0,1.0,0.8333333333333334,0.3684210526315789,0.25,0.17977106606946666,0.0,1.0,0.9333333333333333,0.043478260869565216,1.0,0.7358490566037735,20|1034-C41-1078-A01-1122-A00-1166-A00-1210-A00-1254-A-770-A-814-A00-858-A01-902-A00-946-C41-982-A-983-A00-984-A00-985-A01-986-A01-987-A01-988-A01-989-C41-991-C41-992-A00-993-A00-994-A-,2,150,30186
0,19,20,1.0,0.9230769230769231,0.0,1.0,0.8333333333333334,0.3684210526315789,0.25,0.17977106606946666,0.0,1.0,0.9333333333333333,0.043478260869565216,1.0,0.7358490566037735,20|1034-C41-1078-A01-1122-A00-1166-A00-1210-A00-1254-A-770-A-814-A00-858-A01-902-A00-946-C41-982-A-983-A00-984-A00-985-A01-986-A01-987-A01-988-A01-989-C41-991-C41-992-A00-993-A00-994-A-,2,150,30187
0,19,20,1.0,0.9230769230769231,0.0,1.0,0.8333333333333334,0.3684210526315789,0.25,0.17977106606946666,0.0,1.0,0.9333333333333333,0.043478260869565216,1.0,0.7358490566037735,20|1034-C41-1078-A01-1122-A00-1166-A00-1210-A00-1254-A-770-A-814-A00-858-A01-902-A00-946-C41-982-A-983-A00-984-A00-985-A01-986-A01-987-A01-988-A01-989-C41-991-C41-992-A00-993-A00-994-A-,2,150,30188
0,19,20,1.0,0.9230769230769231,0.0,1.0,0.8333333333333334,0.3684210526315789,0.25,0.17977106606946666,0.0,1.0,0.9333333333333333,0.043478260869565216,1.0,0.7358490566037735,20|1034-C41-1078-A01-1122-A00-1166-A00-1210-A00-1254-A-770-A-814-A00-858-A01-902-A00-946-C41-982-A-983-A00-984-A00-985-A01-986-A01-987-A01-988-A01-989-C41-991-C41-992-A00-993-A00-994-A-,2,150,30189
0,19,20,1.0,0.9230769230769231,0.0,1.0,0.8333333333333334,0.3684210526315789,0.25,0.17977106606946666,0.0,1.0,0.9333333333333333,0.043478260869565216,1.0,0.7358490566037735,20|1034-C41-1078-A01-1122-A00-1166-A00-1210-A00-1254-A-770-A-814-A00-858-A01-902-A00-946-C41-982-A-983-A00-984-A00-985-A01-986-A01-987-A01-988-A01-989-C41-991-C41-992-A00-993-A00-994-A-,2,150,30190
0,19,20,1.0,0.9230769230769231,0.0,1.0,0.8333333333333334,0.3684210526315789,0.25,0.17977106606946666,0.0,1.0,0.9333333333333333,0.043478260869565216,1.0,0.7358490566037735,20|1034-C41-1078-A01-1122-A00-1166-A00-1210-A00-1254-A-770-A-814-A00-858-A01-902-A00-946-C41-982-A-983-A00-984-A00-985-A01-986-A01-987-A01-988-A01-989-C41-991-C41-992-A00-993-A00-994-A-,2,150,30191
0,19,20,1.0,0.9230769230769231,0.0,1.0,0.8333333333333334,0.3684210526315789,0.25,0.17977106606946666,0.0,1.0,0.9333333333333333,0.043478260869565216,1.0,0.7358490566037735,20|1034-C41-1078-A01-1122-A00-1166-A00-1210-A00-1254-A-770-A-814-A00-858-A01-902-A00-946-C41-982-A-983-A00-984-A00-985-A01-986-A01-987-A01-988-A01-989-C41-991-C41-992-A00-993-A00-994-A-,2,150,30192
0,19,20,1.0,0.9230769230769231,0.0,1.0,0.8333333333333334,0.3684210526315789,0.25,0.17977106606946666,0.0,1.0,0.9333333333333333,0.043478260869565216,1.0,0.7358490566037735,20|1034-C41-1078-A01-1122-A00-1166-A00-1210-A00-1254-A-770-A-814-A00-858-A01-902-A00-946-C41-982-A-983-A00-984-A00-985-A01-986-A01-987-A01-988-A01-989-C41-991-C41-992-A00-993-A00-994-A-,2,150,30193
0,19,20,1.0,0.9230769230769231,0.0,1.0,0.8333333333333334,0.3684210526315789,0.25,0.17977106606946666,0.0,1.0,0.9333333333333333,0.043478260869565216,1.0,0.7358490566037735,20|1034-C41-1078-A01-1122-A00-1166-A00-1210-A00-1254-A-770-A-814-A00-858-A01-902-A00-946-C41-982-A-983-A00-984-A00-985-A01-986-A01-987-A01-988-A01-989-C41-991-C41-992-A00-993-A00-994-A-,2,150,30194
0,19,20,1.0,0.9230769230769231,0.0,1.0,0.8333333333333334,0.3684210526315789,0.25,0.17977106606946666,0.0,1.0,0.9333333333333333,0.043478260869565216,1.0,0.7358490566037735,20|1034-C41-1078-A01-1122-A00-1166-A00-1210-A00-1254-A-770-A-814-A00-858-A01-902-A00-946-C41-982-A-983-A00-984-A00-985-A01-986-A01-987-A01-988-A01-989-C41-991-C41-992-A00-993-A00-994-A-,2,150,30195
0,19,20,1.0,0.9230769230769231,0.0,1.0,0.8333333333333334,0.3684210526315789,0.25,0.17977106606946666,0.0,1.0,0.9333333333333333,0.043478260869565216,1.0,0.7358490566037735,20|1034-C41-1078-A01-1122-A00-1166-A00-1210-A00-1254-A-770-A-814-A00-858-A01-902-A00-946-C41-982-A-983-A00-984-A00-985-A01-986-A01-987-A01-988-A01-989-C41-991-C41-992-A00-993-A00-994-A-,2,150,30196
0,19,20,1.0,0.9230769230769231,0.0,1.0,0.8333333333333334,0.3684210526315789,0.25,0.17977106606946666,0.0,1.0,0.9333333333333333,0.043478260869565216,1.0,0.7358490566037735,20|1034-C41-1078-A01-1122-A00-1166-A00-1210-A00-1254-A-770-A-814-A00-858-A01-902-A00-946-C41-982-A-983-A00-984-A00-985-A01-986-A01-987-A01-988-A01-989-C41-991-C41-992-A00-993-A00-994-A-,2,150,30197
0,19,20,1.0,0.9230769230769231,0.0,1.0,0.8333333333333334,0.3684210526315789,0.25,0.17977106606946666,0.0,1.0,0.9333333333333333,0.043478260869565216,1.0,0.7358490566037735,20|1034-C41-1078-A01-1122-A00-1166-A00-1210-A00-1254-A-770-A-814-A00-858-A01-902-A00-946-C41-982-A-983-A00-984-A00-985-A01-986-A01-987-A01-988-A01-989-C41-991-C41-992-A00-993-A00-994-A-,2,150,30198
0,19,20,1.0,0.9230769230769231,0.0,1.0,0.8333333333333334,0.3684210526315789,0.25,0.17977106606946666,0.0,1.0,0.9333333333333333,0.043478260869565216,1.0,0.7358490566037735,20|1034-C41-1078-A01-1122-A00-1166-A00-1210-A00-1254-A-770-A-814-A00-858-A01-902-A00-946-C41-982-A-983-A00-984-A00-985-A01-986-A01-987-A01-988-A01-989-C41-991-C41-992-A00-993-A00-994-A-,2,150,30199
0,19,20,1.0,0.9230769230769231,0.0,1.0,0.8333333333333334,0.3684210526315789,0.25,0.17977106606946666,0.0,1.0,0.9333333333333333,0.043478260869565216,1.0,0.7358490566037735,20|1034-C41-1078-A01-1122-A00-1166-A00-1210-A00-1254-A-770-A-814-A00-858-A01-902-A00-946-C41-982-A-983-A00-984-A00-985-A01-986-A01-987-A01-988-A01-989-C41-991-C41-992-A00-993-A00-994-A-,2,150,30200
